time,open,high,low,close,tick_volume,spread,real_volume
2025-05-07 11:53:00+02:00,23275.5,23282.8,23275.5,23277.5,34,150,0
2025-05-07 11:54:00+02:00,23277.0,23283.8,23276.8,23281.9,39,150,0
2025-05-07 11:55:00+02:00,23282.0,23283.9,23275.8,23278.7,34,150,0
2025-05-07 11:56:00+02:00,23278.9,23283.9,23276.8,23283.8,61,150,0
2025-05-07 11:57:00+02:00,23283.7,23284.3,23278.8,23280.7,34,150,0
2025-05-07 11:58:00+02:00,23280.7,23280.9,23273.0,23275.4,65,150,0
2025-05-07 11:59:00+02:00,23275.5,23282.7,23273.3,23278.2,94,150,0
2025-05-07 12:00:00+02:00,23278.7,23285.8,23229.5,23229.5,219,150,0
2025-05-07 12:01:00+02:00,23229.7,23255.4,23225.7,23252.4,170,150,0
2025-05-07 12:02:00+02:00,23252.5,23265.5,23246.5,23249.4,159,150,0
2025-05-07 12:03:00+02:00,23249.6,23260.1,23247.0,23249.4,143,150,0
2025-05-07 12:04:00+02:00,23249.5,23255.4,23235.0,23243.0,157,150,0
2025-05-07 12:05:00+02:00,23242.6,23246.4,23230.5,23235.4,172,150,0
2025-05-07 12:06:00+02:00,23235.5,23241.1,23220.3,23226.2,161,150,0
2025-05-07 12:07:00+02:00,23229.7,23238.0,23229.7,23235.5,147,150,0
2025-05-07 12:08:00+02:00,23235.0,23240.0,23226.9,23239.1,139,150,0
2025-05-07 12:09:00+02:00,23239.1,23251.5,23238.8,23241.3,129,150,0
2025-05-07 12:10:00+02:00,23242.5,23257.6,23242.3,23251.0,148,150,0
2025-05-07 12:11:00+02:00,23250.9,23261.0,23250.4,23257.9,137,150,0
2025-05-07 12:12:00+02:00,23259.9,23261.0,23247.4,23247.4,142,150,0
2025-05-07 12:13:00+02:00,23247.6,23261.1,23247.5,23260.2,136,150,0
2025-05-07 12:14:00+02:00,23260.5,23272.4,23255.7,23258.1,160,150,0
2025-05-07 12:15:00+02:00,23258.3,23260.7,23245.7,23250.8,120,150,0
2025-05-07 12:16:00+02:00,23250.7,23259.6,23240.3,23240.3,116,150,0
2025-05-07 12:17:00+02:00,23239.9,23250.8,23239.9,23246.8,110,150,0
2025-05-07 12:18:00+02:00,23246.7,23250.7,23239.6,23241.9,132,150,0
2025-05-07 12:19:00+02:00,23241.9,23244.0,23236.6,23242.2,103,150,0
2025-05-07 12:20:00+02:00,23242.1,23244.6,23235.7,23238.6,104,150,0
2025-05-07 12:21:00+02:00,23238.5,23247.0,23232.9,23246.0,100,150,0
2025-05-07 12:22:00+02:00,23245.3,23259.3,23245.3,23258.4,115,150,0
2025-05-07 12:23:00+02:00,23258.2,23261.7,23254.0,23257.2,111,150,0
2025-05-07 12:24:00+02:00,23256.8,23257.9,23246.9,23248.5,99,150,0
2025-05-07 12:25:00+02:00,23248.3,23262.7,23243.3,23261.1,115,150,0
2025-05-07 12:26:00+02:00,23260.6,23267.1,23260.6,23267.1,102,150,0
2025-05-07 12:27:00+02:00,23268.9,23274.9,23268.7,23268.8,96,150,0
2025-05-07 12:28:00+02:00,23268.8,23271.8,23263.7,23266.2,127,150,0
2025-05-07 12:29:00+02:00,23265.9,23266.9,23258.8,23260.0,108,150,0
2025-05-07 12:30:00+02:00,23259.9,23262.9,23254.8,23257.9,120,150,0
2025-05-07 12:31:00+02:00,23257.7,23260.4,23247.4,23250.1,113,150,0
2025-05-07 12:32:00+02:00,23251.1,23255.6,23238.3,23238.3,106,150,0
2025-05-07 12:33:00+02:00,23238.2,23246.3,23236.7,23242.4,103,150,0
2025-05-07 12:34:00+02:00,23242.3,23249.2,23239.2,23244.2,97,150,0
2025-05-07 12:35:00+02:00,23243.7,23248.2,23236.0,23236.1,111,150,0
2025-05-07 12:36:00+02:00,23236.7,23242.0,23236.7,23238.4,99,150,0
2025-05-07 12:37:00+02:00,23238.6,23248.4,23233.8,23233.8,100,150,0
2025-05-07 12:38:00+02:00,23233.8,23238.6,23226.2,23228.1,91,150,0
2025-05-07 12:39:00+02:00,23228.0,23234.0,23228.0,23234.0,101,150,0
2025-05-07 12:40:00+02:00,23234.1,23239.0,23227.3,23227.3,75,150,0
2025-05-07 12:41:00+02:00,23226.5,23227.6,23224.4,23225.0,87,150,0
2025-05-07 12:42:00+02:00,23224.9,23234.0,23215.5,23216.2,114,150,0
2025-05-07 12:43:00+02:00,23216.1,23219.7,23206.8,23207.3,101,150,0
2025-05-07 12:44:00+02:00,23207.3,23214.2,23202.9,23213.3,105,150,0
2025-05-07 12:45:00+02:00,23213.3,23226.3,23212.9,23226.3,102,150,0
2025-05-07 12:46:00+02:00,23226.1,23234.6,23218.8,23234.5,105,150,0
2025-05-07 12:47:00+02:00,23233.9,23246.8,23233.0,23246.8,86,150,0
2025-05-07 12:48:00+02:00,23246.7,23250.8,23240.3,23241.8,82,150,0
2025-05-07 12:49:00+02:00,23240.8,23255.1,23238.2,23255.1,86,150,0
2025-05-07 12:50:00+02:00,23253.8,23258.8,23248.1,23257.6,88,150,0
2025-05-07 12:51:00+02:00,23257.5,23270.2,23252.1,23269.5,110,150,0
2025-05-07 12:52:00+02:00,23269.6,23273.3,23264.1,23269.3,115,150,0
2025-05-07 12:53:00+02:00,23269.7,23272.4,23267.8,23270.1,70,150,0
2025-05-07 12:54:00+02:00,23268.9,23270.2,23255.8,23256.9,117,150,0
2025-05-07 12:55:00+02:00,23257.8,23258.8,23250.8,23253.1,107,150,0
2025-05-07 12:56:00+02:00,23252.6,23254.2,23239.3,23241.8,99,150,0
2025-05-07 12:57:00+02:00,23242.8,23251.3,23241.7,23250.2,89,150,0
2025-05-07 12:58:00+02:00,23250.8,23262.1,23250.2,23257.5,85,150,0
2025-05-07 12:59:00+02:00,23257.5,23258.7,23253.6,23254.6,85,150,0
2025-05-07 13:00:00+02:00,23254.6,23264.6,23253.5,23262.6,113,150,0
2025-05-07 13:01:00+02:00,23263.6,23271.3,23256.9,23265.4,109,150,0
2025-05-07 13:02:00+02:00,23265.8,23269.8,23263.7,23264.2,113,150,0
2025-05-07 13:03:00+02:00,23265.2,23270.3,23263.2,23264.4,67,150,0
2025-05-07 13:04:00+02:00,23263.8,23274.3,23263.2,23273.7,99,150,0
2025-05-07 13:05:00+02:00,23273.6,23295.0,23271.8,23289.4,117,150,0
2025-05-07 13:06:00+02:00,23289.8,23296.4,23287.4,23295.9,115,150,0
2025-05-07 13:07:00+02:00,23295.2,23301.3,23287.9,23292.9,100,150,0
2025-05-07 13:08:00+02:00,23293.0,23293.5,23282.8,23284.3,87,150,0
2025-05-07 13:09:00+02:00,23285.2,23285.3,23281.7,23284.1,74,150,0
2025-05-07 13:10:00+02:00,23284.2,23287.9,23278.0,23280.1,101,150,0
2025-05-07 13:11:00+02:00,23280.1,23280.2,23268.7,23269.3,78,150,0
2025-05-07 13:12:00+02:00,23269.3,23280.3,23269.2,23272.3,98,150,0
2025-05-07 13:13:00+02:00,23272.2,23277.8,23270.3,23273.2,95,150,0
2025-05-07 13:14:00+02:00,23273.3,23273.3,23266.4,23268.7,73,150,0
2025-05-07 13:15:00+02:00,23269.3,23276.3,23268.8,23273.7,96,150,0
2025-05-07 13:16:00+02:00,23273.5,23275.1,23268.6,23274.0,82,150,0
2025-05-07 13:17:00+02:00,23274.1,23281.4,23271.9,23280.8,82,150,0
2025-05-07 13:18:00+02:00,23281.5,23292.3,23281.5,23288.9,101,150,0
2025-05-07 13:19:00+02:00,23289.6,23293.2,23287.1,23288.7,101,150,0
2025-05-07 13:20:00+02:00,23288.6,23290.6,23283.0,23283.1,93,150,0
2025-05-07 13:21:00+02:00,23283.2,23288.7,23273.7,23275.7,85,150,0
2025-05-07 13:22:00+02:00,23275.7,23280.3,23274.3,23277.1,78,150,0
2025-05-07 13:23:00+02:00,23277.2,23278.6,23263.2,23263.3,108,150,0
2025-05-07 13:24:00+02:00,23263.3,23270.9,23261.3,23267.9,82,150,0
2025-05-07 13:25:00+02:00,23268.4,23274.8,23267.8,23270.4,84,150,0
2025-05-07 13:26:00+02:00,23269.9,23276.2,23266.7,23272.1,91,150,0
2025-05-07 13:27:00+02:00,23272.7,23274.3,23266.8,23267.3,75,150,0
2025-05-07 13:28:00+02:00,23267.8,23273.9,23266.5,23273.0,58,150,0
2025-05-07 13:29:00+02:00,23273.0,23273.9,23261.1,23268.1,67,150,0
2025-05-07 13:30:00+02:00,23268.5,23274.1,23264.6,23264.6,98,150,0
2025-05-07 13:31:00+02:00,23264.1,23269.2,23263.1,23267.5,81,150,0
2025-05-07 13:32:00+02:00,23268.2,23278.6,23267.0,23274.8,95,150,0
2025-05-07 13:33:00+02:00,23274.8,23281.1,23272.7,23279.8,92,150,0
2025-05-07 13:34:00+02:00,23279.6,23281.8,23274.7,23278.1,72,150,0
2025-05-07 13:35:00+02:00,23277.5,23278.7,23269.7,23276.5,103,150,0
2025-05-07 13:36:00+02:00,23276.7,23278.7,23264.1,23264.7,94,150,0
2025-05-07 13:37:00+02:00,23264.7,23264.7,23251.9,23254.9,95,150,0
2025-05-07 13:38:00+02:00,23254.8,23260.8,23254.8,23257.6,75,150,0
2025-05-07 13:39:00+02:00,23257.8,23264.2,23257.6,23260.2,96,150,0
2025-05-07 13:40:00+02:00,23260.1,23263.2,23255.7,23257.2,103,150,0
2025-05-07 13:41:00+02:00,23257.1,23264.5,23257.0,23260.1,69,150,0
2025-05-07 13:42:00+02:00,23259.6,23259.7,23245.7,23246.2,77,150,0
2025-05-07 13:43:00+02:00,23245.8,23247.8,23235.3,23235.5,85,150,0
2025-05-07 13:44:00+02:00,23235.6,23238.2,23231.4,23237.1,78,150,0
2025-05-07 13:45:00+02:00,23237.2,23243.1,23236.5,23241.6,96,150,0
2025-05-07 13:46:00+02:00,23241.6,23247.5,23237.3,23237.3,80,150,0
2025-05-07 13:47:00+02:00,23238.0,23242.3,23233.9,23234.1,87,150,0
2025-05-07 13:48:00+02:00,23234.0,23235.6,23225.0,23225.0,88,150,0
2025-05-07 13:49:00+02:00,23225.7,23225.7,23215.2,23215.9,97,150,0
2025-05-07 13:50:00+02:00,23214.8,23220.4,23208.3,23208.3,97,150,0
2025-05-07 13:51:00+02:00,23209.0,23214.9,23207.4,23214.4,82,150,0
2025-05-07 13:52:00+02:00,23214.3,23216.4,23201.8,23203.6,88,150,0
2025-05-07 13:53:00+02:00,23203.5,23214.5,23201.9,23213.4,70,150,0
2025-05-07 13:54:00+02:00,23214.2,23214.7,23210.2,23214.6,81,150,0
2025-05-07 13:55:00+02:00,23215.3,23221.0,23213.8,23213.9,100,150,0
2025-05-07 13:56:00+02:00,23214.4,23223.4,23213.0,23221.7,78,150,0
2025-05-07 13:57:00+02:00,23221.8,23227.7,23221.7,23226.0,63,150,0
2025-05-07 13:58:00+02:00,23225.1,23232.0,23224.6,23230.1,52,150,0
2025-05-07 13:59:00+02:00,23230.4,23230.7,23228.2,23229.2,52,150,0
2025-05-07 14:00:00+02:00,23228.7,23228.7,23207.9,23214.0,103,150,0
2025-05-07 14:01:00+02:00,23214.0,23220.2,23212.0,23220.2,61,150,0
2025-05-07 14:02:00+02:00,23220.1,23240.0,23220.0,23240.0,103,150,0
2025-05-07 14:03:00+02:00,23239.9,23248.0,23234.9,23246.9,84,150,0
2025-05-07 14:04:00+02:00,23247.0,23248.9,23243.9,23247.9,82,150,0
2025-05-07 14:05:00+02:00,23246.9,23248.3,23239.9,23243.1,98,150,0
2025-05-07 14:06:00+02:00,23242.5,23248.2,23242.1,23246.3,82,150,0
2025-05-07 14:07:00+02:00,23246.3,23250.2,23241.2,23243.3,69,150,0
2025-05-07 14:08:00+02:00,23243.8,23252.7,23243.8,23252.2,88,150,0
2025-05-07 14:09:00+02:00,23252.9,23257.2,23246.4,23247.8,83,150,0
2025-05-07 14:10:00+02:00,23247.8,23252.5,23238.0,23240.1,84,150,0
2025-05-07 14:11:00+02:00,23239.6,23239.7,23228.7,23232.2,91,150,0
2025-05-07 14:12:00+02:00,23233.9,23242.9,23228.0,23242.9,81,150,0
2025-05-07 14:13:00+02:00,23242.2,23255.1,23240.7,23254.7,80,150,0
2025-05-07 14:14:00+02:00,23254.1,23255.9,23247.2,23247.3,62,150,0
2025-05-07 14:15:00+02:00,23247.2,23249.4,23243.8,23246.4,80,150,0
2025-05-07 14:16:00+02:00,23246.8,23252.3,23243.8,23244.8,60,150,0
2025-05-07 14:17:00+02:00,23244.3,23252.2,23243.6,23249.6,73,150,0
2025-05-07 14:18:00+02:00,23249.5,23257.2,23249.5,23253.0,70,150,0
2025-05-07 14:19:00+02:00,23253.2,23254.6,23247.0,23249.2,58,150,0
2025-05-07 14:20:00+02:00,23249.0,23253.0,23246.2,23250.1,74,150,0
2025-05-07 14:21:00+02:00,23249.9,23249.9,23234.1,23237.1,88,150,0
2025-05-07 14:22:00+02:00,23237.2,23239.0,23229.6,23232.3,83,150,0
2025-05-07 14:23:00+02:00,23232.2,23235.9,23228.2,23228.3,86,150,0
2025-05-07 14:24:00+02:00,23228.3,23235.9,23225.9,23235.7,58,150,0
2025-05-07 14:25:00+02:00,23235.6,23237.8,23230.1,23230.3,71,150,0
2025-05-07 14:26:00+02:00,23230.1,23230.6,23219.3,23220.2,82,150,0
2025-05-07 14:27:00+02:00,23220.3,23224.3,23219.2,23222.7,58,150,0
2025-05-07 14:28:00+02:00,23223.1,23227.7,23222.1,23225.4,67,150,0
2025-05-07 14:29:00+02:00,23226.1,23229.0,23218.0,23220.0,83,150,0
2025-05-07 14:30:00+02:00,23219.6,23219.6,23213.3,23217.2,72,150,0
2025-05-07 14:31:00+02:00,23216.3,23222.7,23215.6,23222.3,69,150,0
2025-05-07 14:32:00+02:00,23222.4,23222.4,23209.9,23216.1,87,150,0
2025-05-07 14:33:00+02:00,23217.6,23217.6,23205.8,23205.8,77,150,0
2025-05-07 14:34:00+02:00,23206.2,23212.2,23206.2,23210.2,78,150,0
2025-05-07 14:35:00+02:00,23211.8,23215.7,23209.5,23209.7,88,150,0
2025-05-07 14:36:00+02:00,23209.0,23209.0,23200.3,23208.2,85,150,0
2025-05-07 14:37:00+02:00,23208.3,23213.1,23207.9,23209.6,66,150,0
2025-05-07 14:38:00+02:00,23208.1,23220.6,23208.1,23220.3,80,150,0
2025-05-07 14:39:00+02:00,23220.3,23227.2,23220.3,23225.1,79,150,0
2025-05-07 14:40:00+02:00,23225.2,23227.2,23219.5,23220.2,64,150,0
2025-05-07 14:41:00+02:00,23221.5,23227.1,23221.2,23224.0,69,150,0
2025-05-07 14:42:00+02:00,23223.1,23225.3,23222.9,23223.9,58,150,0
2025-05-07 14:43:00+02:00,23223.9,23224.4,23217.9,23221.8,65,150,0
2025-05-07 14:44:00+02:00,23222.0,23225.0,23219.9,23220.9,58,150,0
2025-05-07 14:45:00+02:00,23219.9,23229.9,23219.9,23225.9,75,150,0
2025-05-07 14:46:00+02:00,23225.8,23226.8,23221.2,23221.2,55,150,0
2025-05-07 14:47:00+02:00,23221.4,23226.5,23220.8,23226.0,64,150,0
2025-05-07 14:48:00+02:00,23225.8,23230.4,23224.2,23224.9,74,150,0
2025-05-07 14:49:00+02:00,23224.9,23225.7,23218.3,23222.6,73,150,0
2025-05-07 14:50:00+02:00,23222.6,23226.1,23219.9,23221.6,81,150,0
2025-05-07 14:51:00+02:00,23221.5,23222.5,23217.0,23218.2,48,150,0
2025-05-07 14:52:00+02:00,23218.1,23223.2,23214.1,23218.4,95,150,0
2025-05-07 14:53:00+02:00,23217.4,23218.4,23212.9,23216.5,85,150,0
2025-05-07 14:54:00+02:00,23216.9,23220.0,23215.8,23216.4,72,150,0
2025-05-07 14:55:00+02:00,23216.3,23221.0,23216.3,23221.0,61,150,0
2025-05-07 14:56:00+02:00,23221.3,23224.3,23214.8,23216.5,64,150,0
2025-05-07 14:57:00+02:00,23216.3,23224.4,23216.3,23217.3,68,150,0
2025-05-07 14:58:00+02:00,23217.4,23224.4,23217.3,23220.8,90,150,0
2025-05-07 14:59:00+02:00,23220.4,23224.5,23220.2,23224.3,81,150,0
2025-05-07 15:00:00+02:00,23224.5,23228.0,23220.3,23223.9,99,150,0
2025-05-07 15:01:00+02:00,23224.0,23224.0,23216.0,23217.1,94,150,0
2025-05-07 15:02:00+02:00,23217.0,23217.0,23207.6,23215.7,101,150,0
2025-05-07 15:03:00+02:00,23215.2,23215.2,23209.5,23212.6,73,150,0
2025-05-07 15:04:00+02:00,23212.7,23216.6,23211.9,23215.6,70,150,0
2025-05-07 15:05:00+02:00,23214.6,23217.5,23211.3,23212.3,70,150,0
2025-05-07 15:06:00+02:00,23212.4,23212.4,23194.7,23197.0,96,150,0
2025-05-07 15:07:00+02:00,23196.9,23203.0,23196.5,23201.4,73,150,0
2025-05-07 15:08:00+02:00,23201.3,23201.5,23196.8,23198.6,56,150,0
2025-05-07 15:09:00+02:00,23198.5,23209.4,23198.5,23208.4,76,150,0
2025-05-07 15:10:00+02:00,23208.4,23214.3,23206.2,23213.7,65,150,0
2025-05-07 15:11:00+02:00,23214.2,23214.8,23210.2,23211.8,58,150,0
2025-05-07 15:12:00+02:00,23211.8,23219.1,23205.6,23218.2,73,150,0
2025-05-07 15:13:00+02:00,23218.0,23222.1,23217.0,23217.9,80,150,0
2025-05-07 15:14:00+02:00,23218.6,23218.6,23211.9,23213.9,72,150,0
2025-05-07 15:15:00+02:00,23213.5,23213.6,23207.5,23210.2,80,150,0
2025-05-07 15:16:00+02:00,23210.1,23212.1,23200.2,23200.2,69,150,0
2025-05-07 15:17:00+02:00,23200.1,23204.1,23197.7,23200.2,69,150,0
2025-05-07 15:18:00+02:00,23199.6,23207.6,23199.0,23207.0,61,150,0
2025-05-07 15:19:00+02:00,23206.9,23210.9,23203.9,23210.7,44,150,0
2025-05-07 15:20:00+02:00,23210.2,23210.4,23201.3,23203.8,55,150,0
2025-05-07 15:21:00+02:00,23204.0,23204.0,23197.1,23197.6,58,150,0
2025-05-07 15:22:00+02:00,23198.2,23199.8,23191.2,23194.4,58,150,0
2025-05-07 15:23:00+02:00,23194.4,23198.5,23192.9,23196.0,69,150,0
2025-05-07 15:24:00+02:00,23193.4,23198.5,23192.9,23193.6,59,150,0
2025-05-07 15:25:00+02:00,23194.3,23203.7,23194.3,23202.7,56,150,0
2025-05-07 15:26:00+02:00,23201.7,23205.2,23200.7,23204.7,51,150,0
2025-05-07 15:27:00+02:00,23204.6,23205.1,23200.7,23201.9,55,150,0
2025-05-07 15:28:00+02:00,23202.5,23202.5,23195.6,23195.6,72,150,0
2025-05-07 15:29:00+02:00,23195.6,23196.7,23191.2,23195.0,81,150,0
2025-05-07 15:30:00+02:00,23194.8,23194.8,23183.9,23187.2,102,150,0
2025-05-07 15:31:00+02:00,23188.2,23193.4,23187.0,23190.2,78,150,0
2025-05-07 15:32:00+02:00,23190.6,23198.6,23190.1,23198.6,64,150,0
2025-05-07 15:33:00+02:00,23199.1,23200.7,23194.0,23194.1,70,150,0
2025-05-07 15:34:00+02:00,23195.0,23196.3,23192.2,23194.4,46,150,0
2025-05-07 15:35:00+02:00,23194.3,23200.3,23191.7,23200.3,66,150,0
2025-05-07 15:36:00+02:00,23200.3,23202.3,23196.8,23200.5,62,150,0
2025-05-07 15:37:00+02:00,23201.1,23205.1,23199.0,23205.1,61,150,0
2025-05-07 15:38:00+02:00,23204.9,23209.9,23203.4,23209.9,48,150,0
2025-05-07 15:39:00+02:00,23209.9,23216.6,23208.0,23216.6,87,150,0
2025-05-07 15:40:00+02:00,23216.7,23218.4,23213.5,23217.4,68,150,0
2025-05-07 15:41:00+02:00,23216.4,23221.5,23216.4,23219.4,61,150,0
2025-05-07 15:42:00+02:00,23219.3,23228.8,23219.3,23227.1,62,150,0
2025-05-07 15:43:00+02:00,23227.2,23227.3,23223.6,23224.2,57,150,0
2025-05-07 15:44:00+02:00,23222.2,23224.6,23221.7,23223.0,61,150,0
2025-05-07 15:45:00+02:00,23223.9,23227.9,23221.1,23226.4,73,150,0
2025-05-07 15:46:00+02:00,23226.0,23226.7,23223.2,23224.1,69,150,0
2025-05-07 15:47:00+02:00,23224.8,23226.3,23224.2,23224.8,51,150,0
2025-05-07 15:48:00+02:00,23224.7,23228.7,23224.3,23228.3,44,150,0
2025-05-07 15:49:00+02:00,23228.2,23231.1,23221.7,23222.9,72,150,0
2025-05-07 15:50:00+02:00,23223.2,23227.2,23215.4,23215.5,74,150,0
2025-05-07 15:51:00+02:00,23215.6,23217.3,23212.4,23215.4,62,150,0
2025-05-07 15:52:00+02:00,23214.9,23215.3,23205.3,23205.9,71,150,0
2025-05-07 15:53:00+02:00,23206.5,23216.9,23206.5,23215.5,70,150,0
2025-05-07 15:54:00+02:00,23215.4,23216.7,23208.4,23210.8,58,150,0
2025-05-07 15:55:00+02:00,23210.9,23212.0,23201.5,23203.0,76,150,0
2025-05-07 15:56:00+02:00,23203.2,23203.7,23198.0,23200.0,48,150,0
2025-05-07 15:57:00+02:00,23200.2,23200.6,23189.1,23198.6,72,150,0
2025-05-07 15:58:00+02:00,23198.6,23207.3,23198.2,23199.3,59,150,0
2025-05-07 15:59:00+02:00,23198.6,23203.6,23198.6,23202.1,53,150,0
2025-05-07 16:00:00+02:00,23202.2,23210.2,23200.6,23207.2,78,150,0
2025-05-07 16:01:00+02:00,23207.5,23214.2,23204.6,23209.1,61,150,0
2025-05-07 16:02:00+02:00,23209.0,23220.6,23209.0,23220.6,71,150,0
2025-05-07 16:03:00+02:00,23220.7,23226.2,23219.1,23226.2,63,150,0
2025-05-07 16:04:00+02:00,23226.0,23237.1,23223.5,23223.5,80,150,0
2025-05-07 16:05:00+02:00,23224.6,23233.6,23224.6,23229.6,60,150,0
2025-05-07 16:06:00+02:00,23228.9,23230.5,23221.0,23221.0,57,150,0
2025-05-07 16:07:00+02:00,23221.1,23227.7,23221.0,23224.6,51,150,0
2025-05-07 16:08:00+02:00,23224.2,23224.7,23216.7,23216.7,49,150,0
2025-05-07 16:09:00+02:00,23216.5,23226.0,23216.5,23225.2,64,150,0
2025-05-07 16:10:00+02:00,23225.0,23229.1,23223.9,23228.6,46,150,0
2025-05-07 16:11:00+02:00,23228.4,23230.5,23227.3,23227.7,48,150,0
2025-05-07 16:12:00+02:00,23227.8,23231.3,23224.3,23230.4,61,150,0
2025-05-07 16:13:00+02:00,23230.3,23235.8,23228.7,23234.3,54,150,0
2025-05-07 16:14:00+02:00,23234.2,23235.3,23229.6,23234.7,63,150,0
2025-05-07 16:15:00+02:00,23234.8,23242.6,23234.6,23239.8,65,150,0
2025-05-07 16:16:00+02:00,23239.8,23239.8,23233.3,23233.4,57,150,0
2025-05-07 16:17:00+02:00,23233.2,23237.9,23231.3,23231.9,68,150,0
2025-05-07 16:18:00+02:00,23231.5,23232.1,23227.6,23227.8,80,150,0
2025-05-07 16:19:00+02:00,23227.8,23232.7,23226.3,23226.5,62,150,0
2025-05-07 16:20:00+02:00,23225.9,23232.0,23224.4,23230.0,62,150,0
2025-05-07 16:21:00+02:00,23230.1,23234.9,23227.5,23234.9,80,150,0
2025-05-07 16:22:00+02:00,23235.1,23240.5,23234.9,23240.0,72,150,0
2025-05-07 16:23:00+02:00,23240.0,23240.0,23234.8,23238.3,64,150,0
2025-05-07 16:24:00+02:00,23238.4,23239.5,23225.6,23225.6,93,150,0
2025-05-07 16:25:00+02:00,23225.6,23227.8,23223.7,23227.6,79,150,0
2025-05-07 16:26:00+02:00,23227.4,23227.6,23218.2,23223.2,67,150,0
2025-05-07 16:27:00+02:00,23223.3,23224.3,23221.1,23221.8,66,150,0
2025-05-07 16:28:00+02:00,23222.2,23222.3,23216.1,23218.2,53,150,0
2025-05-07 16:29:00+02:00,23218.3,23223.3,23216.2,23223.1,68,150,0
2025-05-07 16:30:00+02:00,23223.3,23229.7,23222.1,23226.9,67,150,0
2025-05-07 16:31:00+02:00,23227.1,23229.1,23224.9,23225.9,57,150,0
2025-05-07 16:32:00+02:00,23225.6,23232.1,23225.4,23232.1,66,150,0
2025-05-07 16:33:00+02:00,23231.4,23235.6,23226.9,23229.6,59,150,0
2025-05-07 16:34:00+02:00,23229.7,23230.2,23227.5,23227.7,56,150,0
2025-05-07 16:35:00+02:00,23226.1,23231.2,23225.6,23230.1,56,150,0
2025-05-07 16:36:00+02:00,23230.2,23234.9,23229.0,23232.0,66,150,0
2025-05-07 16:37:00+02:00,23232.4,23236.5,23229.9,23230.4,63,150,0
2025-05-07 16:38:00+02:00,23230.3,23232.5,23224.8,23229.1,52,150,0
2025-05-07 16:39:00+02:00,23228.9,23230.0,23225.4,23227.0,56,150,0
2025-05-07 16:40:00+02:00,23227.0,23227.0,23222.9,23225.0,58,150,0
2025-05-07 16:41:00+02:00,23223.9,23223.9,23215.5,23215.6,71,150,0
2025-05-07 16:42:00+02:00,23217.6,23219.2,23213.2,23213.7,57,150,0
2025-05-07 16:43:00+02:00,23213.6,23215.3,23207.7,23208.3,62,150,0
2025-05-07 16:44:00+02:00,23208.2,23214.3,23207.7,23214.3,64,150,0
2025-05-07 16:45:00+02:00,23214.2,23224.1,23211.5,23224.1,64,150,0
2025-05-07 16:46:00+02:00,23224.1,23224.1,23210.8,23211.5,72,150,0
2025-05-07 16:47:00+02:00,23211.8,23219.4,23208.8,23218.9,66,150,0
2025-05-07 16:48:00+02:00,23219.8,23223.3,23219.3,23222.3,62,150,0
2025-05-07 16:49:00+02:00,23222.3,23224.8,23216.7,23218.1,51,150,0
2025-05-07 16:50:00+02:00,23217.8,23227.1,23217.8,23226.1,56,150,0
2025-05-07 16:51:00+02:00,23226.0,23228.4,23225.3,23225.5,48,150,0
2025-05-07 16:52:00+02:00,23225.3,23225.4,23215.5,23215.5,54,150,0
2025-05-07 16:53:00+02:00,23215.6,23220.5,23214.7,23218.4,63,150,0
2025-05-07 16:54:00+02:00,23219.0,23220.5,23211.9,23214.6,56,150,0
2025-05-07 16:55:00+02:00,23214.1,23220.4,23214.1,23219.7,58,150,0
2025-05-07 16:56:00+02:00,23220.3,23227.6,23219.7,23225.2,51,150,0
2025-05-07 16:57:00+02:00,23225.0,23226.0,23223.4,23225.6,41,150,0
2025-05-07 16:58:00+02:00,23226.1,23228.1,23222.9,23224.5,56,150,0
2025-05-07 16:59:00+02:00,23224.6,23228.0,23224.6,23226.6,52,150,0
2025-05-07 17:00:00+02:00,23226.9,23241.0,23225.5,23240.0,66,150,0
2025-05-07 17:01:00+02:00,23239.7,23240.9,23233.7,23234.8,52,150,0
2025-05-07 17:02:00+02:00,23234.4,23247.1,23234.4,23245.0,58,150,0
2025-05-07 17:03:00+02:00,23245.2,23246.7,23238.5,23241.2,67,150,0
2025-05-07 17:04:00+02:00,23241.5,23244.4,23237.9,23238.6,69,150,0
2025-05-07 17:05:00+02:00,23238.4,23244.5,23232.6,23233.1,101,150,0
2025-05-07 17:06:00+02:00,23233.6,23237.7,23230.3,23236.7,97,150,0
2025-05-07 17:07:00+02:00,23235.7,23246.6,23235.6,23244.6,88,150,0
2025-05-07 17:08:00+02:00,23244.6,23244.6,23230.6,23232.2,98,150,0
2025-05-07 17:09:00+02:00,23233.8,23234.4,23228.3,23233.9,88,150,0
2025-05-07 17:10:00+02:00,23233.8,23234.4,23227.9,23228.9,98,150,0
2025-05-07 17:11:00+02:00,23228.1,23230.6,23224.1,23229.2,72,150,0
2025-05-07 17:12:00+02:00,23229.1,23234.5,23227.5,23234.5,100,150,0
2025-05-07 17:13:00+02:00,23234.1,23234.6,23230.5,23232.2,83,150,0
2025-05-07 17:14:00+02:00,23231.8,23232.1,23217.3,23219.8,100,150,0
2025-05-07 17:15:00+02:00,23220.3,23225.5,23217.6,23223.6,82,150,0
2025-05-07 17:16:00+02:00,23223.4,23224.4,23217.0,23217.5,77,150,0
2025-05-07 17:17:00+02:00,23217.6,23224.8,23217.3,23223.8,72,150,0
2025-05-07 17:18:00+02:00,23223.7,23232.2,23223.2,23229.5,72,150,0
2025-05-07 17:19:00+02:00,23229.6,23229.6,23225.6,23226.1,62,150,0
2025-05-07 17:20:00+02:00,23225.8,23230.6,23225.6,23228.2,71,150,0
2025-05-07 17:21:00+02:00,23228.7,23231.3,23225.7,23230.7,66,150,0
2025-05-07 17:22:00+02:00,23230.6,23230.7,23223.8,23228.9,63,150,0
2025-05-07 17:23:00+02:00,23228.8,23234.3,23228.6,23230.3,62,150,0
2025-05-07 17:24:00+02:00,23228.6,23230.2,23223.7,23223.8,66,150,0
2025-05-07 17:25:00+02:00,23223.2,23224.9,23218.8,23222.3,78,150,0
2025-05-07 17:26:00+02:00,23219.5,23223.0,23215.9,23219.9,67,150,0
2025-05-07 17:27:00+02:00,23219.9,23225.9,23219.4,23220.7,74,150,0
2025-05-07 17:28:00+02:00,23220.3,23220.9,23210.9,23210.9,58,150,0
2025-05-07 17:29:00+02:00,23211.1,23212.2,23206.1,23212.2,82,150,0
2025-05-07 17:30:00+02:00,23213.2,23218.0,23210.0,23214.4,108,150,0
2025-05-07 17:31:00+02:00,23213.9,23221.4,23213.9,23216.9,67,150,0
2025-05-07 17:32:00+02:00,23216.7,23224.2,23206.7,23209.3,93,150,0
2025-05-07 17:33:00+02:00,23209.8,23209.8,23202.0,23204.4,71,150,0
2025-05-07 17:34:00+02:00,23204.6,23205.9,23193.6,23196.1,81,150,0
2025-05-07 17:35:00+02:00,23196.3,23201.3,23194.6,23199.1,74,150,0
2025-05-07 17:36:00+02:00,23199.3,23203.6,23193.6,23194.3,74,150,0
2025-05-07 17:37:00+02:00,23194.1,23200.3,23191.6,23197.1,83,150,0
2025-05-07 17:38:00+02:00,23197.8,23200.7,23195.7,23196.7,68,150,0
2025-05-07 17:39:00+02:00,23196.2,23196.8,23190.3,23194.4,72,150,0
2025-05-07 17:40:00+02:00,23194.8,23199.4,23192.8,23197.8,67,150,0
2025-05-07 17:41:00+02:00,23198.1,23200.1,23196.1,23198.1,64,150,0
2025-05-07 17:42:00+02:00,23198.7,23198.7,23192.6,23197.0,75,150,0
2025-05-07 17:43:00+02:00,23196.2,23203.6,23195.8,23202.9,76,150,0
2025-05-07 17:44:00+02:00,23203.1,23203.6,23189.0,23192.7,86,150,0
2025-05-07 17:45:00+02:00,23192.6,23197.6,23170.3,23173.4,90,150,0
2025-05-07 17:46:00+02:00,23174.3,23174.4,23167.0,23172.0,77,150,0
2025-05-07 17:47:00+02:00,23172.4,23177.5,23171.6,23171.6,62,150,0
2025-05-07 17:48:00+02:00,23171.5,23176.9,23159.5,23167.5,97,150,0
2025-05-07 17:49:00+02:00,23167.5,23170.6,23159.0,23159.5,101,150,0
2025-05-07 17:50:00+02:00,23159.7,23164.7,23157.6,23161.8,92,150,0
2025-05-07 17:51:00+02:00,23161.1,23169.7,23161.1,23167.1,83,150,0
2025-05-07 17:52:00+02:00,23167.0,23174.6,23166.5,23170.5,84,150,0
2025-05-07 17:53:00+02:00,23170.4,23172.9,23169.9,23172.3,69,150,0
2025-05-07 17:54:00+02:00,23172.2,23172.7,23161.2,23161.3,80,150,0
2025-05-07 17:55:00+02:00,23161.3,23166.4,23156.8,23156.8,78,150,0
2025-05-07 17:56:00+02:00,23157.0,23157.0,23141.2,23148.8,122,150,0
2025-05-07 17:57:00+02:00,23148.6,23148.8,23131.9,23141.1,104,150,0
2025-05-07 17:58:00+02:00,23141.2,23151.6,23141.2,23150.4,94,150,0
2025-05-07 17:59:00+02:00,23149.6,23153.5,23146.4,23147.4,84,150,0
2025-05-07 18:00:00+02:00,23147.9,23151.1,23138.7,23140.2,105,150,0
2025-05-07 18:01:00+02:00,23139.2,23142.3,23130.8,23132.4,104,150,0
2025-05-07 18:02:00+02:00,23132.0,23134.6,23124.2,23129.5,103,150,0
2025-05-07 18:03:00+02:00,23129.6,23131.2,23113.2,23120.3,123,150,0
2025-05-07 18:04:00+02:00,23119.7,23126.2,23115.1,23117.1,92,150,0
2025-05-07 18:05:00+02:00,23117.1,23124.0,23117.1,23120.3,88,150,0
2025-05-07 18:06:00+02:00,23120.1,23140.0,23120.1,23133.4,138,150,0
2025-05-07 18:07:00+02:00,23133.0,23134.9,23113.5,23113.5,111,150,0
2025-05-07 18:08:00+02:00,23112.8,23124.5,23110.9,23110.9,106,150,0
2025-05-07 18:09:00+02:00,23110.1,23110.1,23097.3,23101.8,108,150,0
2025-05-07 18:10:00+02:00,23102.1,23110.3,23097.6,23110.3,106,150,0
2025-05-07 18:11:00+02:00,23111.1,23120.9,23108.7,23120.3,91,150,0
2025-05-07 18:12:00+02:00,23119.7,23127.2,23115.8,23124.0,99,150,0
2025-05-07 18:13:00+02:00,23124.7,23127.0,23117.5,23124.6,89,150,0
2025-05-07 18:14:00+02:00,23124.0,23127.0,23121.4,23124.8,102,150,0
2025-05-07 18:15:00+02:00,23124.2,23133.9,23118.8,23133.3,106,150,0
2025-05-07 18:16:00+02:00,23133.3,23138.0,23132.6,23132.7,100,150,0
2025-05-07 18:17:00+02:00,23133.2,23142.4,23132.7,23142.4,79,150,0
2025-05-07 18:18:00+02:00,23142.2,23144.7,23128.4,23129.9,73,150,0
2025-05-07 18:19:00+02:00,23129.8,23132.0,23125.5,23125.5,73,150,0
2025-05-07 18:20:00+02:00,23126.1,23127.6,23112.8,23115.9,96,150,0
2025-05-07 18:21:00+02:00,23115.9,23120.3,23114.7,23118.2,80,150,0
2025-05-07 18:22:00+02:00,23118.1,23131.0,23116.8,23130.8,92,150,0
2025-05-07 18:23:00+02:00,23130.9,23142.2,23130.8,23142.2,89,150,0
2025-05-07 18:24:00+02:00,23142.6,23144.6,23137.1,23137.7,83,150,0
2025-05-07 18:25:00+02:00,23137.7,23141.6,23134.7,23136.8,78,150,0
2025-05-07 18:26:00+02:00,23137.1,23143.3,23132.7,23134.0,70,150,0
2025-05-07 18:27:00+02:00,23134.0,23136.4,23132.4,23134.1,69,150,0
2025-05-07 18:28:00+02:00,23134.0,23136.1,23129.2,23131.1,97,150,0
2025-05-07 18:29:00+02:00,23131.2,23135.3,23127.4,23128.4,118,150,0
2025-05-07 18:30:00+02:00,23128.9,23134.4,23122.3,23128.8,205,150,0
2025-05-07 18:31:00+02:00,23128.3,23152.2,23128.3,23150.0,199,150,0
2025-05-07 18:32:00+02:00,23149.6,23151.7,23132.9,23134.4,201,150,0
2025-05-07 18:33:00+02:00,23134.3,23143.4,23132.9,23140.2,163,150,0
2025-05-07 18:34:00+02:00,23140.2,23142.3,23129.5,23132.5,188,150,0
2025-05-07 18:35:00+02:00,23129.4,23132.3,23112.2,23113.8,182,150,0
2025-05-07 18:36:00+02:00,23113.9,23121.0,23106.9,23117.0,174,150,0
2025-05-07 18:37:00+02:00,23116.9,23119.4,23109.4,23110.0,166,150,0
2025-05-07 18:38:00+02:00,23110.1,23128.9,23108.0,23125.0,156,150,0
2025-05-07 18:39:00+02:00,23123.8,23125.8,23117.9,23121.3,148,150,0
2025-05-07 18:40:00+02:00,23121.5,23136.2,23118.0,23136.1,172,150,0
2025-05-07 18:41:00+02:00,23136.2,23143.6,23133.2,23136.6,150,150,0
2025-05-07 18:42:00+02:00,23136.5,23138.9,23131.0,23137.3,144,150,0
2025-05-07 18:43:00+02:00,23137.3,23144.8,23137.0,23144.3,153,150,0
2025-05-07 18:44:00+02:00,23143.7,23154.8,23142.2,23153.6,148,150,0
2025-05-07 18:45:00+02:00,23154.2,23158.1,23149.0,23149.9,157,150,0
2025-05-07 18:46:00+02:00,23149.6,23151.1,23140.2,23146.7,155,150,0
2025-05-07 18:47:00+02:00,23146.7,23155.1,23145.7,23152.6,126,150,0
2025-05-07 18:48:00+02:00,23152.4,23154.9,23128.5,23130.3,148,150,0
2025-05-07 18:49:00+02:00,23130.3,23130.6,23107.4,23111.8,161,150,0
2025-05-07 18:50:00+02:00,23109.8,23115.9,23101.4,23105.6,154,150,0
2025-05-07 18:51:00+02:00,23104.9,23119.3,23104.9,23108.9,159,150,0
2025-05-07 18:52:00+02:00,23108.7,23122.2,23108.7,23119.5,136,150,0
2025-05-07 18:53:00+02:00,23119.6,23126.9,23117.0,23117.0,139,150,0
2025-05-07 18:54:00+02:00,23116.4,23126.0,23112.0,23125.0,162,150,0
2025-05-07 18:55:00+02:00,23123.9,23150.2,23123.8,23149.1,157,150,0
2025-05-07 18:56:00+02:00,23148.5,23164.0,23147.4,23160.1,131,150,0
2025-05-07 18:57:00+02:00,23160.0,23166.8,23160.0,23162.5,132,150,0
2025-05-07 18:58:00+02:00,23162.1,23166.8,23157.6,23164.2,129,150,0
2025-05-07 18:59:00+02:00,23166.2,23174.1,23155.8,23160.9,133,150,0
2025-05-07 19:00:00+02:00,23164.4,23164.4,23144.6,23152.1,155,150,0
2025-05-07 19:01:00+02:00,23152.0,23165.2,23149.2,23162.3,133,150,0
2025-05-07 19:02:00+02:00,23162.1,23164.7,23153.3,23159.1,129,150,0
2025-05-07 19:03:00+02:00,23158.5,23170.5,23156.6,23166.4,139,150,0
2025-05-07 19:04:00+02:00,23166.5,23168.9,23161.4,23168.4,112,150,0
2025-05-07 19:05:00+02:00,23168.9,23180.8,23168.9,23171.7,138,150,0
2025-05-07 19:06:00+02:00,23172.3,23174.8,23166.9,23169.9,133,150,0
2025-05-07 19:07:00+02:00,23170.0,23175.5,23163.5,23165.2,126,150,0
2025-05-07 19:08:00+02:00,23166.0,23168.2,23163.6,23167.1,110,150,0
2025-05-07 19:09:00+02:00,23167.3,23169.6,23164.1,23169.1,105,150,0
2025-05-07 19:10:00+02:00,23169.2,23178.7,23169.1,23177.9,126,150,0
2025-05-07 19:11:00+02:00,23178.0,23182.5,23174.1,23175.5,115,150,0
2025-05-07 19:12:00+02:00,23175.4,23175.4,23163.9,23169.6,128,150,0
2025-05-07 19:13:00+02:00,23170.1,23182.1,23168.0,23181.9,128,150,0
2025-05-07 19:14:00+02:00,23181.0,23181.0,23170.0,23172.0,109,150,0
2025-05-07 19:15:00+02:00,23172.0,23176.7,23167.7,23171.7,123,150,0
2025-05-07 19:16:00+02:00,23171.9,23172.4,23166.8,23168.9,103,150,0
2025-05-07 19:17:00+02:00,23167.7,23183.4,23167.2,23183.1,106,150,0
2025-05-07 19:18:00+02:00,23183.0,23184.0,23178.0,23178.3,93,150,0
2025-05-07 19:19:00+02:00,23178.3,23178.3,23169.4,23175.9,138,150,0
2025-05-07 19:20:00+02:00,23177.3,23178.5,23174.0,23177.3,109,150,0
2025-05-07 19:21:00+02:00,23177.3,23178.8,23175.8,23178.0,104,150,0
2025-05-07 19:22:00+02:00,23178.6,23180.5,23174.4,23174.6,118,150,0
2025-05-07 19:23:00+02:00,23173.7,23189.4,23173.0,23187.4,137,150,0
2025-05-07 19:24:00+02:00,23188.0,23191.3,23180.4,23180.4,114,150,0
2025-05-07 19:25:00+02:00,23180.8,23182.3,23170.0,23173.0,111,150,0
2025-05-07 19:26:00+02:00,23173.1,23176.3,23169.4,23176.3,105,150,0
2025-05-07 19:27:00+02:00,23176.4,23181.6,23169.4,23181.6,95,150,0
2025-05-07 19:28:00+02:00,23181.6,23189.0,23181.6,23188.9,107,150,0
2025-05-07 19:29:00+02:00,23189.0,23192.3,23186.8,23188.9,87,150,0
2025-05-07 19:30:00+02:00,23189.2,23193.2,23185.6,23191.6,105,150,0
2025-05-07 19:31:00+02:00,23191.7,23197.6,23191.6,23193.5,95,150,0
2025-05-07 19:32:00+02:00,23192.1,23193.8,23186.7,23189.4,97,150,0
2025-05-07 19:33:00+02:00,23189.9,23191.8,23185.9,23191.3,103,150,0
2025-05-07 19:34:00+02:00,23191.9,23193.0,23187.0,23189.4,91,150,0
2025-05-07 19:35:00+02:00,23189.5,23192.0,23187.8,23190.3,111,150,0
2025-05-07 19:36:00+02:00,23190.5,23192.3,23180.4,23190.6,115,150,0
2025-05-07 19:37:00+02:00,23190.4,23191.9,23186.4,23188.0,98,150,0
2025-05-07 19:38:00+02:00,23189.0,23192.1,23188.0,23190.5,90,150,0
2025-05-07 19:39:00+02:00,23189.0,23192.6,23187.9,23190.0,91,150,0
2025-05-07 19:40:00+02:00,23190.1,23192.8,23185.3,23185.3,118,150,0
2025-05-07 19:41:00+02:00,23184.9,23191.8,23184.8,23190.3,97,150,0
2025-05-07 19:42:00+02:00,23190.5,23195.4,23189.9,23193.9,118,150,0
2025-05-07 19:43:00+02:00,23194.3,23196.0,23186.1,23186.9,104,150,0
2025-05-07 19:44:00+02:00,23187.6,23196.5,23186.4,23193.9,109,150,0
2025-05-07 19:45:00+02:00,23193.6,23200.8,23190.5,23194.0,107,150,0
2025-05-07 19:46:00+02:00,23192.6,23193.1,23186.1,23186.5,113,150,0
2025-05-07 19:47:00+02:00,23185.6,23185.6,23176.6,23177.1,94,150,0
2025-05-07 19:48:00+02:00,23177.2,23177.2,23168.7,23173.2,114,150,0
2025-05-07 19:49:00+02:00,23173.3,23173.3,23155.8,23156.5,130,150,0
2025-05-07 19:50:00+02:00,23156.8,23161.3,23152.5,23156.3,144,150,0
2025-05-07 19:51:00+02:00,23156.3,23157.8,23148.8,23149.3,123,150,0
2025-05-07 19:52:00+02:00,23149.3,23149.3,23137.5,23139.1,132,150,0
2025-05-07 19:53:00+02:00,23139.0,23141.7,23128.2,23129.4,146,150,0
2025-05-07 19:54:00+02:00,23129.2,23129.2,23117.4,23120.9,169,150,0
2025-05-07 19:55:00+02:00,23120.6,23126.6,23114.6,23123.9,153,150,0
2025-05-07 19:56:00+02:00,23123.5,23135.6,23119.8,23132.1,158,150,0
2025-05-07 19:57:00+02:00,23132.2,23133.0,23123.1,23127.1,139,150,0
2025-05-07 19:58:00+02:00,23127.0,23136.0,23126.5,23129.0,135,150,0
2025-05-07 19:59:00+02:00,23128.4,23137.9,23126.8,23126.8,148,150,0
2025-05-07 20:00:00+02:00,23124.8,23132.8,23124.8,23130.9,173,150,0
2025-05-07 20:01:00+02:00,23131.4,23131.9,23116.4,23123.5,154,150,0
2025-05-07 20:02:00+02:00,23123.3,23128.4,23114.9,23123.0,142,150,0
2025-05-07 20:03:00+02:00,23124.4,23132.8,23124.4,23132.7,136,150,0
2025-05-07 20:04:00+02:00,23132.1,23144.5,23130.6,23140.1,157,150,0
2025-05-07 20:05:00+02:00,23140.1,23150.6,23136.6,23149.4,142,150,0
2025-05-07 20:06:00+02:00,23150.0,23150.0,23141.3,23146.4,133,150,0
2025-05-07 20:07:00+02:00,23146.5,23147.0,23130.9,23134.5,171,150,0
2025-05-07 20:08:00+02:00,23134.5,23149.8,23133.9,23149.1,139,150,0
2025-05-07 20:09:00+02:00,23149.3,23150.3,23138.3,23148.2,130,150,0
2025-05-07 20:10:00+02:00,23148.8,23152.8,23144.3,23147.2,133,150,0
2025-05-07 20:11:00+02:00,23147.1,23151.0,23143.6,23143.6,120,150,0
2025-05-07 20:12:00+02:00,23143.6,23146.8,23138.1,23143.3,128,150,0
2025-05-07 20:13:00+02:00,23143.6,23145.8,23135.7,23136.9,137,150,0
2025-05-07 20:14:00+02:00,23137.4,23141.4,23134.3,23138.3,139,150,0
2025-05-07 20:15:00+02:00,23138.4,23140.4,23134.2,23135.7,157,150,0
2025-05-07 20:16:00+02:00,23131.9,23149.7,23130.8,23141.8,156,150,0
2025-05-07 20:17:00+02:00,23141.7,23145.8,23138.6,23140.6,146,150,0
2025-05-07 20:18:00+02:00,23140.7,23146.3,23140.6,23140.7,149,150,0
2025-05-07 20:19:00+02:00,23141.3,23141.8,23136.8,23139.8,146,150,0
2025-05-07 20:20:00+02:00,23140.2,23149.2,23139.2,23145.7,164,150,0
2025-05-07 20:21:00+02:00,23145.7,23154.3,23144.6,23152.3,149,150,0
2025-05-07 20:22:00+02:00,23152.8,23155.6,23144.2,23151.2,148,150,0
2025-05-07 20:23:00+02:00,23151.2,23152.3,23144.6,23146.3,141,150,0
2025-05-07 20:24:00+02:00,23146.8,23148.3,23142.1,23146.8,144,150,0
2025-05-07 20:25:00+02:00,23146.8,23150.6,23133.6,23134.7,148,150,0
2025-05-07 20:26:00+02:00,23134.3,23135.8,23126.6,23128.1,140,150,0
2025-05-07 20:27:00+02:00,23128.3,23128.3,23120.6,23122.2,117,150,0
2025-05-07 20:28:00+02:00,23122.2,23129.3,23121.1,23125.2,132,150,0
2025-05-07 20:29:00+02:00,23125.2,23129.8,23120.1,23120.1,153,150,0
2025-05-07 20:30:00+02:00,23119.8,23130.6,23114.8,23127.3,142,150,0
2025-05-07 20:31:00+02:00,23127.2,23138.3,23127.2,23137.2,139,150,0
2025-05-07 20:32:00+02:00,23137.8,23141.3,23128.1,23128.1,129,150,0
2025-05-07 20:33:00+02:00,23127.8,23136.8,23127.8,23131.8,117,150,0
2025-05-07 20:34:00+02:00,23131.8,23134.6,23115.7,23120.2,186,150,0
2025-05-07 20:35:00+02:00,23119.8,23130.3,23115.7,23130.1,177,150,0
2025-05-07 20:36:00+02:00,23130.6,23130.6,23111.1,23118.7,155,150,0
2025-05-07 20:37:00+02:00,23119.3,23122.8,23111.8,23122.6,130,150,0
2025-05-07 20:38:00+02:00,23122.1,23134.1,23122.1,23127.1,118,150,0
2025-05-07 20:39:00+02:00,23126.3,23128.3,23123.1,23124.2,111,150,0
2025-05-07 20:40:00+02:00,23124.3,23137.8,23122.7,23135.8,120,150,0
2025-05-07 20:41:00+02:00,23135.6,23142.3,23131.6,23141.2,129,150,0
2025-05-07 20:42:00+02:00,23141.1,23142.8,23136.7,23138.2,123,150,0
2025-05-07 20:43:00+02:00,23138.1,23144.7,23137.6,23139.2,99,150,0
2025-05-07 20:44:00+02:00,23139.1,23140.7,23135.1,23137.2,86,150,0
2025-05-07 20:45:00+02:00,23137.8,23145.3,23135.7,23145.2,115,150,0
2025-05-07 20:46:00+02:00,23145.1,23149.2,23131.6,23134.7,121,150,0
2025-05-07 20:47:00+02:00,23134.8,23138.3,23122.1,23122.1,123,150,0
2025-05-07 20:48:00+02:00,23121.8,23121.8,23112.1,23114.8,154,150,0
2025-05-07 20:49:00+02:00,23114.1,23119.8,23110.1,23110.1,126,150,0
2025-05-07 20:50:00+02:00,23110.1,23113.8,23105.8,23109.6,134,150,0
2025-05-07 20:51:00+02:00,23110.2,23113.8,23105.7,23111.3,105,150,0
2025-05-07 20:52:00+02:00,23111.2,23120.1,23111.2,23118.8,107,150,0
2025-05-07 20:53:00+02:00,23119.3,23122.2,23115.7,23119.6,92,150,0
2025-05-07 20:54:00+02:00,23120.3,23127.6,23118.6,23120.1,100,150,0
2025-05-07 20:55:00+02:00,23119.1,23125.3,23116.1,23119.6,131,150,0
2025-05-07 20:56:00+02:00,23119.8,23124.8,23115.1,23123.8,94,150,0
2025-05-07 20:57:00+02:00,23124.2,23130.3,23123.3,23129.1,105,150,0
2025-05-07 20:58:00+02:00,23130.1,23132.7,23128.1,23131.1,106,150,0
2025-05-07 20:59:00+02:00,23131.6,23132.8,23128.6,23131.2,106,150,0
2025-05-07 21:00:00+02:00,23131.1,23131.8,23126.1,23130.8,119,150,0
2025-05-07 21:01:00+02:00,23131.2,23139.8,23131.2,23139.6,122,150,0
2025-05-07 21:02:00+02:00,23139.1,23141.2,23135.6,23138.8,108,150,0
2025-05-07 21:03:00+02:00,23138.6,23140.3,23135.6,23138.7,98,150,0
2025-05-07 21:04:00+02:00,23138.7,23140.1,23135.6,23136.2,111,150,0
2025-05-07 21:05:00+02:00,23136.8,23145.7,23136.1,23142.3,98,150,0
2025-05-07 21:06:00+02:00,23142.6,23144.6,23133.7,23133.8,144,150,0
2025-05-07 21:07:00+02:00,23133.7,23142.7,23130.6,23139.7,104,150,0
2025-05-07 21:08:00+02:00,23139.7,23140.8,23132.8,23135.6,114,150,0
2025-05-07 21:09:00+02:00,23135.3,23145.7,23134.8,23143.1,90,150,0
2025-05-07 21:10:00+02:00,23144.3,23150.7,23141.6,23149.3,106,150,0
2025-05-07 21:11:00+02:00,23149.2,23149.7,23141.6,23141.6,94,150,0
2025-05-07 21:12:00+02:00,23142.7,23144.3,23139.2,23141.3,102,150,0
2025-05-07 21:13:00+02:00,23141.1,23145.2,23139.6,23144.3,88,150,0
2025-05-07 21:14:00+02:00,23144.6,23150.8,23144.6,23149.7,83,150,0
2025-05-07 21:15:00+02:00,23149.1,23149.1,23140.6,23141.7,87,150,0
2025-05-07 21:16:00+02:00,23141.6,23143.8,23140.2,23141.7,108,150,0
2025-05-07 21:17:00+02:00,23142.7,23145.8,23134.7,23142.2,93,150,0
2025-05-07 21:18:00+02:00,23142.7,23143.8,23136.3,23137.8,93,150,0
2025-05-07 21:19:00+02:00,23137.6,23143.8,23137.6,23143.8,89,150,0
2025-05-07 21:20:00+02:00,23146.8,23147.7,23141.7,23145.2,82,150,0
2025-05-07 21:21:00+02:00,23145.8,23145.8,23133.6,23135.3,105,150,0
2025-05-07 21:22:00+02:00,23135.6,23136.8,23123.7,23125.7,93,150,0
2025-05-07 21:23:00+02:00,23125.7,23126.8,23123.1,23125.8,106,150,0
2025-05-07 21:24:00+02:00,23125.1,23126.3,23120.2,23122.7,101,150,0
2025-05-07 21:25:00+02:00,23122.8,23129.2,23121.1,23129.1,102,150,0
2025-05-07 21:26:00+02:00,23129.2,23132.2,23123.6,23124.2,87,150,0
2025-05-07 21:27:00+02:00,23124.6,23129.3,23123.6,23126.8,108,150,0
2025-05-07 21:28:00+02:00,23126.7,23127.8,23117.2,23117.2,100,150,0
2025-05-07 21:29:00+02:00,23116.8,23118.6,23112.7,23117.8,103,150,0
2025-05-07 21:30:00+02:00,23119.2,23124.8,23115.7,23121.1,128,150,0
2025-05-07 21:31:00+02:00,23121.2,23127.3,23119.6,23119.8,108,150,0
2025-05-07 21:32:00+02:00,23119.6,23127.8,23119.6,23124.7,96,150,0
2025-05-07 21:33:00+02:00,23125.2,23130.8,23125.1,23128.3,78,150,0
2025-05-07 21:34:00+02:00,23127.7,23129.3,23124.7,23126.3,95,150,0
2025-05-07 21:35:00+02:00,23126.2,23128.6,23122.7,23125.8,109,150,0
2025-05-07 21:36:00+02:00,23125.1,23128.7,23124.2,23125.7,105,150,0
2025-05-07 21:37:00+02:00,23125.6,23125.8,23120.2,23122.6,83,150,0
2025-05-07 21:38:00+02:00,23123.7,23129.2,23122.6,23128.1,86,150,0
2025-05-07 21:39:00+02:00,23128.7,23131.8,23127.6,23129.2,63,150,0
2025-05-07 21:40:00+02:00,23129.6,23139.3,23128.6,23138.3,85,150,0
2025-05-07 21:41:00+02:00,23138.7,23141.3,23138.1,23138.7,75,150,0
2025-05-07 21:42:00+02:00,23138.7,23147.2,23137.1,23138.1,63,150,0
2025-05-07 21:43:00+02:00,23138.6,23143.3,23138.6,23138.8,75,150,0
2025-05-07 21:44:00+02:00,23139.1,23141.3,23136.6,23139.1,71,150,0
2025-05-07 21:45:00+02:00,23139.2,23141.8,23138.1,23138.6,67,150,0
2025-05-07 21:46:00+02:00,23138.7,23139.3,23134.6,23135.2,76,150,0
2025-05-07 21:47:00+02:00,23134.8,23141.7,23133.2,23140.7,61,150,0
2025-05-07 21:48:00+02:00,23140.7,23145.8,23140.7,23144.2,82,150,0
2025-05-07 21:49:00+02:00,23146.2,23149.8,23144.8,23145.8,78,150,0
2025-05-07 21:50:00+02:00,23145.8,23148.3,23142.2,23142.3,74,150,0
2025-05-07 21:51:00+02:00,23142.1,23142.8,23134.6,23139.2,63,150,0
2025-05-07 21:52:00+02:00,23138.6,23145.8,23138.1,23144.6,63,150,0
2025-05-07 21:53:00+02:00,23143.6,23147.1,23142.7,23146.6,66,150,0
2025-05-07 21:54:00+02:00,23146.7,23150.8,23144.6,23145.8,82,150,0
2025-05-07 21:55:00+02:00,23145.7,23147.8,23144.6,23145.7,48,150,0
2025-05-07 21:56:00+02:00,23145.6,23155.7,23144.7,23154.2,67,150,0
2025-05-07 21:57:00+02:00,23154.6,23155.8,23152.1,23153.1,59,150,0
2025-05-07 21:58:00+02:00,23153.8,23154.3,23147.7,23153.8,67,150,0
2025-05-07 21:59:00+02:00,23154.1,23154.8,23147.1,23147.6,70,150,0
2025-05-07 22:00:00+02:00,23148.3,23150.7,23143.6,23147.2,94,150,0
2025-05-07 22:01:00+02:00,23147.1,23151.8,23144.8,23145.1,56,150,0
2025-05-07 22:02:00+02:00,23145.3,23150.2,23143.1,23145.7,75,150,0
2025-05-07 22:03:00+02:00,23145.7,23154.8,23145.7,23154.8,63,150,0
2025-05-07 22:04:00+02:00,23155.3,23156.3,23151.1,23151.6,65,150,0
2025-05-07 22:05:00+02:00,23152.3,23153.2,23146.3,23148.7,43,150,0
2025-05-07 22:06:00+02:00,23148.8,23149.6,23145.7,23147.2,62,150,0
2025-05-07 22:07:00+02:00,23146.7,23151.2,23145.3,23149.2,65,150,0
2025-05-07 22:08:00+02:00,23149.1,23149.8,23146.1,23147.2,77,150,0
2025-05-07 22:09:00+02:00,23147.1,23148.3,23143.6,23147.8,68,150,0
2025-05-07 22:10:00+02:00,23147.6,23152.8,23144.7,23148.2,73,150,0
2025-05-07 22:11:00+02:00,23148.3,23150.7,23146.7,23150.2,53,150,0
2025-05-07 22:12:00+02:00,23150.3,23151.8,23146.1,23150.6,65,150,0
2025-05-07 22:13:00+02:00,23150.8,23154.8,23149.8,23153.2,62,150,0
2025-05-07 22:14:00+02:00,23153.1,23154.8,23149.6,23152.6,53,150,0
2025-05-07 22:15:00+02:00,23152.6,23153.8,23146.6,23149.7,70,150,0
2025-05-07 22:16:00+02:00,23150.3,23154.8,23150.3,23152.1,57,150,0
2025-05-07 22:17:00+02:00,23152.2,23152.8,23146.1,23146.1,77,150,0
2025-05-07 22:18:00+02:00,23146.1,23149.7,23144.6,23148.1,81,150,0
2025-05-07 22:19:00+02:00,23148.2,23149.8,23147.1,23148.1,50,150,0
2025-05-07 22:20:00+02:00,23147.7,23147.7,23142.1,23142.8,94,150,0
2025-05-07 22:21:00+02:00,23141.7,23141.7,23135.7,23137.6,57,150,0
2025-05-07 22:22:00+02:00,23137.6,23139.2,23136.6,23138.2,60,150,0
2025-05-07 22:23:00+02:00,23138.3,23147.1,23138.2,23147.1,60,150,0
2025-05-07 22:24:00+02:00,23147.6,23154.7,23147.1,23152.6,53,150,0
2025-05-07 22:25:00+02:00,23153.3,23157.3,23150.7,23151.3,50,150,0
2025-05-07 22:26:00+02:00,23151.3,23151.8,23149.8,23150.6,47,150,0
2025-05-07 22:27:00+02:00,23150.6,23151.8,23148.7,23150.8,52,150,0
2025-05-07 22:28:00+02:00,23150.7,23152.8,23149.8,23149.8,82,150,0
2025-05-07 22:29:00+02:00,23150.8,23150.8,23145.2,23146.8,56,150,0
2025-05-07 22:30:00+02:00,23148.6,23150.8,23147.1,23147.7,91,150,0
2025-05-07 22:31:00+02:00,23147.7,23152.3,23146.6,23149.6,86,150,0
2025-05-07 22:32:00+02:00,23150.2,23150.2,23141.6,23142.7,83,150,0
2025-05-07 22:33:00+02:00,23141.8,23142.3,23135.6,23138.1,61,150,0
2025-05-07 22:34:00+02:00,23137.8,23143.8,23137.6,23142.3,66,150,0
2025-05-07 22:35:00+02:00,23141.6,23141.8,23134.1,23134.6,69,150,0
2025-05-07 22:36:00+02:00,23134.7,23134.8,23128.1,23130.8,93,150,0
2025-05-07 22:37:00+02:00,23131.7,23133.8,23128.7,23129.1,68,150,0
2025-05-07 22:38:00+02:00,23129.2,23135.8,23127.6,23135.3,64,150,0
2025-05-07 22:39:00+02:00,23135.2,23136.3,23132.6,23134.8,81,150,0
2025-05-07 22:40:00+02:00,23134.2,23134.8,23130.3,23131.6,92,150,0
2025-05-07 22:41:00+02:00,23131.7,23134.8,23129.6,23132.3,94,150,0
2025-05-07 22:42:00+02:00,23132.3,23135.8,23129.7,23134.6,83,150,0
2025-05-07 22:43:00+02:00,23134.8,23138.8,23130.7,23130.7,83,150,0
2025-05-07 22:44:00+02:00,23131.3,23131.7,23127.2,23128.7,73,150,0
2025-05-07 22:45:00+02:00,23128.6,23137.8,23127.7,23133.1,72,150,0
2025-05-07 22:46:00+02:00,23133.3,23141.8,23133.1,23139.7,81,150,0
2025-05-07 22:47:00+02:00,23139.6,23141.8,23137.1,23139.1,71,150,0
2025-05-07 22:48:00+02:00,23138.8,23141.6,23137.6,23140.6,69,150,0
2025-05-07 22:49:00+02:00,23140.8,23142.8,23138.6,23140.2,64,150,0
2025-05-07 22:50:00+02:00,23140.7,23141.3,23130.6,23131.1,72,150,0
2025-05-07 22:51:00+02:00,23131.1,23137.2,23107.2,23117.8,88,150,0
2025-05-07 22:52:00+02:00,23118.7,23126.1,23116.2,23122.2,181,150,0
2025-05-07 22:53:00+02:00,23121.7,23121.7,23104.8,23120.8,156,150,0
2025-05-07 22:54:00+02:00,23120.6,23120.7,23109.6,23113.7,129,150,0
2025-05-07 22:55:00+02:00,23112.2,23112.8,23103.3,23108.2,120,150,0
2025-05-07 22:56:00+02:00,23107.6,23112.8,23104.6,23105.8,78,150,0
2025-05-07 22:57:00+02:00,23105.6,23107.3,23104.1,23107.3,44,150,0
2025-05-07 22:58:00+02:00,23107.2,23117.2,23106.6,23111.1,40,150,0
2025-05-07 22:59:00+02:00,23111.7,23121.1,23107.7,23121.1,61,150,0
2025-05-07 23:00:00+02:00,23120.7,23129.6,23107.1,23124.3,94,150,0
2025-05-07 23:01:00+02:00,23125.7,23125.7,23116.8,23121.6,67,150,0
2025-05-07 23:02:00+02:00,23121.8,23129.1,23121.2,23121.3,65,150,0
2025-05-07 23:03:00+02:00,23121.2,23128.2,23117.6,23124.1,83,150,0
2025-05-07 23:04:00+02:00,23123.8,23129.3,23118.6,23120.6,92,150,0
2025-05-07 23:05:00+02:00,23119.7,23120.6,23102.6,23102.7,125,150,0
2025-05-07 23:06:00+02:00,23103.6,23104.8,23070.8,23072.7,184,150,0
2025-05-07 23:07:00+02:00,23072.2,23076.2,23057.2,23068.3,170,150,0
2025-05-07 23:08:00+02:00,23067.6,23069.1,23041.7,23051.7,162,150,0
2025-05-07 23:09:00+02:00,23052.1,23063.8,23046.1,23060.3,176,150,0
2025-05-07 23:10:00+02:00,23059.6,23071.6,23054.8,23071.6,195,150,0
2025-05-07 23:11:00+02:00,23071.8,23080.7,23067.6,23068.1,162,150,0
2025-05-07 23:12:00+02:00,23066.6,23069.6,23059.2,23066.1,148,150,0
2025-05-07 23:13:00+02:00,23066.2,23076.7,23065.6,23071.8,154,150,0
2025-05-07 23:14:00+02:00,23071.3,23072.3,23062.6,23065.8,131,150,0
2025-05-07 23:15:00+02:00,23065.2,23066.6,23052.7,23060.8,162,150,0
2025-05-07 23:16:00+02:00,23060.7,23061.8,23049.1,23055.6,136,150,0
2025-05-07 23:17:00+02:00,23055.8,23070.8,23052.7,23068.6,144,150,0
2025-05-07 23:18:00+02:00,23068.3,23072.8,23062.6,23066.6,150,150,0
2025-05-07 23:19:00+02:00,23066.7,23072.3,23061.7,23070.3,125,150,0
2025-05-07 23:20:00+02:00,23070.3,23092.2,23067.6,23090.1,146,150,0
2025-05-07 23:21:00+02:00,23090.7,23093.8,23079.7,23079.7,120,150,0
2025-05-07 23:22:00+02:00,23079.6,23086.8,23068.6,23085.7,131,150,0
2025-05-07 23:23:00+02:00,23086.1,23089.3,23079.1,23082.3,136,150,0
2025-05-07 23:24:00+02:00,23081.7,23089.8,23079.2,23079.7,98,150,0
2025-05-07 23:25:00+02:00,23079.8,23087.3,23078.1,23084.2,121,150,0
2025-05-07 23:26:00+02:00,23084.2,23086.7,23079.1,23085.6,109,150,0
2025-05-07 23:27:00+02:00,23086.3,23098.6,23085.6,23097.7,100,150,0
2025-05-07 23:28:00+02:00,23098.2,23100.8,23093.6,23096.7,93,150,0
2025-05-07 23:29:00+02:00,23096.1,23096.8,23088.6,23090.2,116,150,0
2025-05-07 23:30:00+02:00,23089.8,23093.3,23079.1,23083.2,143,150,0
2025-05-07 23:31:00+02:00,23083.7,23104.7,23083.7,23099.8,141,150,0
2025-05-07 23:32:00+02:00,23100.1,23113.3,23100.1,23107.1,124,150,0
2025-05-07 23:33:00+02:00,23108.8,23114.3,23107.2,23111.7,134,150,0
2025-05-07 23:34:00+02:00,23110.6,23116.3,23107.6,23112.8,131,150,0
2025-05-07 23:35:00+02:00,23113.8,23114.8,23102.1,23103.3,133,150,0
2025-05-07 23:36:00+02:00,23103.6,23115.8,23101.2,23113.6,126,150,0
2025-05-07 23:37:00+02:00,23113.8,23135.3,23113.6,23132.6,135,150,0
2025-05-07 23:38:00+02:00,23132.2,23134.3,23119.6,23125.1,135,150,0
2025-05-07 23:39:00+02:00,23124.3,23125.2,23107.8,23125.1,132,150,0
2025-05-07 23:40:00+02:00,23125.3,23128.8,23122.7,23127.1,110,150,0
2025-05-07 23:41:00+02:00,23127.8,23129.3,23124.1,23125.8,81,150,0
2025-05-07 23:42:00+02:00,23125.8,23135.2,23123.2,23135.1,121,150,0
2025-05-07 23:43:00+02:00,23135.2,23139.3,23125.2,23138.8,91,150,0
2025-05-07 23:44:00+02:00,23139.1,23139.8,23117.6,23123.3,144,150,0
2025-05-07 23:45:00+02:00,23124.1,23134.2,23116.1,23116.1,115,150,0
2025-05-07 23:46:00+02:00,23117.7,23122.3,23111.1,23115.2,129,150,0
2025-05-07 23:47:00+02:00,23115.2,23122.1,23109.1,23119.6,114,150,0
2025-05-07 23:48:00+02:00,23119.8,23119.8,23097.1,23097.6,147,150,0
2025-05-07 23:49:00+02:00,23097.7,23099.6,23085.6,23095.3,123,150,0
2025-05-07 23:50:00+02:00,23097.3,23109.3,23092.7,23094.3,156,150,0
2025-05-07 23:51:00+02:00,23094.6,23107.1,23089.7,23089.7,142,150,0
2025-05-07 23:52:00+02:00,23089.1,23096.8,23084.3,23086.2,89,150,0
2025-05-07 23:53:00+02:00,23086.2,23098.7,23074.6,23086.3,118,150,0
2025-05-07 23:54:00+02:00,23086.3,23100.3,23086.1,23095.3,137,150,0
2025-05-07 23:55:00+02:00,23095.1,23119.3,23095.1,23119.1,147,150,0
2025-05-07 23:56:00+02:00,23120.7,23146.7,23120.7,23146.7,146,150,0
2025-05-07 23:57:00+02:00,23147.3,23165.3,23145.6,23158.6,179,150,0
2025-05-07 23:58:00+02:00,23158.7,23165.1,23149.6,23149.6,131,150,0
2025-05-07 23:59:00+02:00,23148.1,23155.3,23146.6,23149.1,146,150,0
2025-05-08 00:00:00+02:00,23149.3,23150.3,23133.2,23138.3,181,150,0
2025-05-08 00:01:00+02:00,23138.1,23149.3,23137.1,23143.1,94,150,0
2025-05-08 00:02:00+02:00,23143.2,23145.7,23128.7,23130.1,126,150,0
2025-05-08 00:03:00+02:00,23130.3,23143.8,23129.1,23141.1,119,150,0
2025-05-08 00:04:00+02:00,23140.1,23147.8,23136.6,23143.1,115,150,0
2025-05-08 00:05:00+02:00,23143.7,23143.7,23132.1,23136.1,111,150,0
2025-05-08 00:06:00+02:00,23136.2,23137.6,23126.1,23137.1,99,150,0
2025-05-08 00:07:00+02:00,23137.3,23145.3,23137.3,23142.2,94,150,0
2025-05-08 00:08:00+02:00,23142.1,23155.8,23140.1,23154.6,112,150,0
2025-05-08 00:09:00+02:00,23155.2,23157.7,23149.2,23155.1,115,150,0
2025-05-08 00:10:00+02:00,23155.3,23156.8,23142.1,23142.7,116,150,0
2025-05-08 00:11:00+02:00,23143.2,23143.2,23117.8,23125.3,138,150,0
2025-05-08 00:12:00+02:00,23125.1,23132.2,23120.2,23130.3,142,150,0
2025-05-08 00:13:00+02:00,23130.2,23141.8,23129.6,23138.3,96,150,0
2025-05-08 00:14:00+02:00,23138.2,23142.7,23132.6,23136.7,130,150,0
2025-05-08 00:15:00+02:00,23136.8,23144.7,23134.2,23138.1,117,150,0
2025-05-08 00:16:00+02:00,23138.3,23143.7,23127.1,23128.6,137,150,0
2025-05-08 00:17:00+02:00,23128.6,23137.3,23123.6,23130.3,144,150,0
2025-05-08 00:18:00+02:00,23129.1,23129.3,23119.1,23125.7,153,150,0
2025-05-08 00:19:00+02:00,23125.6,23141.8,23121.1,23141.7,147,150,0
2025-05-08 00:20:00+02:00,23141.2,23145.8,23136.1,23143.8,138,150,0
2025-05-08 00:21:00+02:00,23143.2,23145.8,23136.8,23144.3,133,150,0
2025-05-08 00:22:00+02:00,23144.2,23146.2,23137.6,23140.6,132,150,0
2025-05-08 00:23:00+02:00,23140.7,23146.8,23137.1,23139.8,144,150,0
2025-05-08 00:24:00+02:00,23139.6,23142.8,23132.7,23134.2,143,150,0
2025-05-08 00:25:00+02:00,23134.2,23135.3,23117.3,23123.7,138,150,0
2025-05-08 00:26:00+02:00,23123.1,23124.1,23106.6,23106.6,145,150,0
2025-05-08 00:27:00+02:00,23106.8,23110.6,23100.1,23108.3,171,150,0
2025-05-08 00:28:00+02:00,23108.1,23114.8,23104.1,23111.3,147,150,0
2025-05-08 00:29:00+02:00,23111.6,23112.8,23099.7,23102.6,152,150,0
2025-05-08 00:30:00+02:00,23102.2,23112.1,23094.6,23106.1,168,150,0
2025-05-08 00:31:00+02:00,23106.3,23106.3,23097.3,23102.8,155,150,0
2025-05-08 00:32:00+02:00,23102.1,23113.3,23101.7,23106.1,141,150,0
2025-05-08 00:33:00+02:00,23106.3,23122.2,23100.1,23113.8,142,150,0
2025-05-08 00:34:00+02:00,23113.8,23118.8,23098.6,23101.2,144,150,0
2025-05-08 00:35:00+02:00,23101.1,23109.3,23098.6,23109.3,145,150,0
2025-05-08 00:36:00+02:00,23108.6,23126.7,23108.6,23125.3,141,150,0
2025-05-08 00:37:00+02:00,23125.6,23141.8,23125.6,23141.3,123,150,0
2025-05-08 00:38:00+02:00,23140.8,23142.3,23124.2,23127.3,139,150,0
2025-05-08 00:39:00+02:00,23127.2,23133.2,23122.6,23132.7,148,150,0
2025-05-08 00:40:00+02:00,23130.7,23140.8,23127.6,23133.7,122,150,0
2025-05-08 00:41:00+02:00,23133.2,23175.8,23125.2,23173.7,134,150,0
2025-05-08 00:42:00+02:00,23175.6,23226.1,23175.6,23221.3,229,150,0
2025-05-08 00:43:00+02:00,23221.6,23248.6,23217.1,23228.7,203,150,0
2025-05-08 00:44:00+02:00,23231.8,23231.8,23195.6,23204.2,243,150,0
2025-05-08 00:45:00+02:00,23204.8,23225.1,23204.8,23210.7,206,150,0
2025-05-08 00:46:00+02:00,23211.1,23212.6,23192.8,23198.6,205,150,0
2025-05-08 00:47:00+02:00,23198.8,23199.8,23167.8,23177.1,182,150,0
2025-05-08 00:48:00+02:00,23178.8,23194.7,23170.3,23185.2,163,150,0
2025-05-08 00:49:00+02:00,23184.3,23187.8,23168.6,23168.6,202,150,0
2025-05-08 00:50:00+02:00,23169.2,23169.2,23143.3,23150.3,222,150,0
2025-05-08 00:51:00+02:00,23147.8,23168.8,23143.6,23166.8,206,150,0
2025-05-08 00:52:00+02:00,23168.2,23197.1,23164.8,23195.7,168,150,0
2025-05-08 00:53:00+02:00,23195.6,23198.8,23185.7,23196.6,147,150,0
2025-05-08 00:54:00+02:00,23196.7,23201.8,23187.6,23190.3,178,150,0
2025-05-08 00:55:00+02:00,23188.3,23205.2,23183.6,23204.2,168,150,0
2025-05-08 00:56:00+02:00,23205.3,23212.2,23199.1,23201.1,141,150,0
2025-05-08 00:57:00+02:00,23202.1,23209.7,23200.2,23206.1,139,150,0
2025-05-08 00:58:00+02:00,23206.2,23206.2,23189.6,23191.8,132,150,0
2025-05-08 00:59:00+02:00,23192.3,23196.1,23173.6,23174.8,135,150,0
2025-05-08 03:00:00+02:00,23155.0,23157.1,23144.2,23154.5,103,150,0
2025-05-08 03:01:00+02:00,23154.4,23154.9,23146.8,23146.8,67,150,0
2025-05-08 03:02:00+02:00,23147.0,23153.5,23144.3,23147.6,100,150,0
2025-05-08 03:03:00+02:00,23147.3,23150.6,23139.0,23139.5,89,150,0
2025-05-08 03:04:00+02:00,23140.2,23143.4,23139.8,23142.5,56,150,0
2025-05-08 03:05:00+02:00,23142.6,23145.9,23141.6,23145.6,53,150,0
2025-05-08 03:06:00+02:00,23145.9,23154.5,23145.9,23154.2,71,150,0
2025-05-08 03:07:00+02:00,23154.4,23155.6,23148.5,23153.0,76,150,0
2025-05-08 03:08:00+02:00,23153.1,23158.8,23153.0,23153.0,68,150,0
2025-05-08 03:09:00+02:00,23153.1,23155.8,23150.2,23153.8,53,150,0
2025-05-08 03:10:00+02:00,23153.2,23155.9,23151.6,23155.8,60,150,0
2025-05-08 03:11:00+02:00,23156.0,23160.3,23155.0,23158.1,57,150,0
2025-05-08 03:12:00+02:00,23157.7,23159.6,23157.7,23159.1,48,150,0
2025-05-08 03:13:00+02:00,23158.3,23161.1,23157.9,23161.1,50,150,0
2025-05-08 03:14:00+02:00,23161.6,23162.7,23157.5,23158.2,51,150,0
2025-05-08 03:15:00+02:00,23158.1,23158.3,23151.6,23151.7,67,150,0
2025-05-08 03:16:00+02:00,23152.1,23154.2,23150.2,23151.4,63,150,0
2025-05-08 03:17:00+02:00,23151.7,23152.2,23149.5,23150.0,53,150,0
2025-05-08 03:18:00+02:00,23150.0,23152.2,23148.1,23151.1,53,150,0
2025-05-08 03:19:00+02:00,23151.1,23154.3,23149.6,23152.2,46,150,0
2025-05-08 03:20:00+02:00,23152.0,23154.5,23152.0,23153.4,35,150,0
2025-05-08 03:21:00+02:00,23153.4,23154.3,23146.9,23150.4,56,150,0
2025-05-08 03:22:00+02:00,23150.3,23159.9,23150.2,23159.9,55,150,0
2025-05-08 03:23:00+02:00,23159.7,23160.5,23157.4,23157.8,60,150,0
2025-05-08 03:24:00+02:00,23157.8,23161.9,23157.4,23160.3,52,150,0
2025-05-08 03:25:00+02:00,23160.4,23162.7,23160.3,23161.7,38,150,0
2025-05-08 03:26:00+02:00,23161.8,23164.1,23161.7,23163.2,77,150,0
2025-05-08 03:27:00+02:00,23163.2,23166.6,23163.2,23165.5,60,150,0
2025-05-08 03:28:00+02:00,23165.4,23169.1,23165.4,23168.3,66,150,0
2025-05-08 03:29:00+02:00,23168.4,23168.7,23167.5,23168.6,46,150,0
2025-05-08 03:30:00+02:00,23168.8,23172.7,23168.8,23170.5,80,150,0
2025-05-08 03:31:00+02:00,23170.6,23173.0,23170.4,23170.4,54,150,0
2025-05-08 03:32:00+02:00,23170.4,23171.2,23169.3,23169.4,44,150,0
2025-05-08 03:33:00+02:00,23169.8,23173.5,23169.7,23172.4,40,150,0
2025-05-08 03:34:00+02:00,23172.2,23172.7,23169.1,23169.7,44,150,0
2025-05-08 03:35:00+02:00,23169.8,23172.7,23168.9,23171.8,44,150,0
2025-05-08 03:36:00+02:00,23171.8,23172.7,23171.8,23172.7,30,150,0
2025-05-08 03:37:00+02:00,23172.6,23172.7,23171.6,23171.6,29,150,0
2025-05-08 03:38:00+02:00,23171.7,23172.0,23170.4,23170.7,28,150,0
2025-05-08 03:39:00+02:00,23170.9,23171.2,23168.9,23169.8,36,150,0
2025-05-08 03:40:00+02:00,23169.7,23170.9,23169.7,23170.5,18,150,0
2025-05-08 03:41:00+02:00,23170.6,23170.8,23168.2,23169.8,41,150,0
2025-05-08 03:42:00+02:00,23169.3,23172.0,23169.3,23170.7,24,150,0
2025-05-08 03:43:00+02:00,23170.4,23172.4,23170.4,23171.2,29,150,0
2025-05-08 03:44:00+02:00,23171.3,23172.0,23167.6,23168.2,29,150,0
2025-05-08 03:45:00+02:00,23169.1,23170.6,23166.9,23167.6,48,150,0
2025-05-08 03:46:00+02:00,23167.5,23169.7,23166.2,23168.9,56,150,0
2025-05-08 03:47:00+02:00,23169.1,23172.0,23168.6,23169.4,46,150,0
2025-05-08 03:48:00+02:00,23169.5,23169.9,23166.4,23166.9,42,150,0
2025-05-08 03:49:00+02:00,23167.2,23167.3,23164.6,23165.4,42,150,0
2025-05-08 03:50:00+02:00,23165.5,23167.7,23165.0,23167.7,38,150,0
2025-05-08 03:51:00+02:00,23168.2,23169.0,23166.1,23166.1,34,150,0
2025-05-08 03:52:00+02:00,23165.9,23165.9,23163.9,23164.6,42,150,0
2025-05-08 03:53:00+02:00,23164.6,23168.3,23164.3,23167.9,35,150,0
2025-05-08 03:54:00+02:00,23167.6,23168.4,23165.4,23168.4,33,150,0
2025-05-08 03:55:00+02:00,23168.2,23168.4,23167.3,23168.2,31,150,0
2025-05-08 03:56:00+02:00,23168.2,23168.9,23167.5,23168.1,38,150,0
2025-05-08 03:57:00+02:00,23167.9,23169.5,23167.5,23169.1,38,150,0
2025-05-08 03:58:00+02:00,23169.1,23170.6,23164.3,23164.3,52,150,0
2025-05-08 03:59:00+02:00,23164.8,23167.7,23163.7,23165.3,30,150,0
2025-05-08 04:00:00+02:00,23165.7,23170.8,23163.9,23170.8,54,150,0
2025-05-08 04:01:00+02:00,23170.5,23171.3,23165.7,23169.3,61,150,0
2025-05-08 04:02:00+02:00,23168.7,23173.3,23168.7,23172.8,40,150,0
2025-05-08 04:03:00+02:00,23173.1,23174.0,23172.6,23173.8,46,150,0
2025-05-08 04:04:00+02:00,23173.9,23178.0,23173.8,23178.0,47,150,0
2025-05-08 04:05:00+02:00,23178.5,23180.7,23177.1,23179.6,92,150,0
2025-05-08 04:06:00+02:00,23179.8,23180.5,23173.8,23174.7,63,150,0
2025-05-08 04:07:00+02:00,23175.0,23175.0,23170.2,23172.4,72,150,0
2025-05-08 04:08:00+02:00,23172.7,23177.3,23172.7,23176.8,50,150,0
2025-05-08 04:09:00+02:00,23176.7,23177.2,23175.3,23175.6,40,150,0
2025-05-08 04:10:00+02:00,23175.8,23176.2,23174.5,23175.3,38,150,0
2025-05-08 04:11:00+02:00,23175.4,23178.4,23175.3,23177.5,34,150,0
2025-05-08 04:12:00+02:00,23177.6,23178.4,23177.3,23177.6,30,150,0
2025-05-08 04:13:00+02:00,23177.4,23178.0,23176.0,23177.6,35,150,0
2025-05-08 04:14:00+02:00,23177.3,23177.6,23176.0,23176.7,40,150,0
2025-05-08 04:15:00+02:00,23176.9,23177.6,23176.3,23176.8,30,150,0
2025-05-08 04:16:00+02:00,23176.8,23178.2,23176.3,23176.8,27,150,0
2025-05-08 04:17:00+02:00,23176.9,23178.4,23176.7,23177.1,30,150,0
2025-05-08 04:18:00+02:00,23176.8,23178.3,23175.8,23177.3,38,150,0
2025-05-08 04:19:00+02:00,23177.6,23178.4,23176.2,23176.7,16,150,0
2025-05-08 04:20:00+02:00,23176.7,23177.8,23176.0,23176.9,25,150,0
2025-05-08 04:21:00+02:00,23176.5,23178.4,23176.0,23177.6,37,150,0
2025-05-08 04:22:00+02:00,23178.2,23178.2,23174.0,23174.0,34,150,0
2025-05-08 04:23:00+02:00,23174.6,23176.9,23174.5,23175.5,48,150,0
2025-05-08 04:24:00+02:00,23175.4,23176.9,23174.6,23176.8,34,150,0
2025-05-08 04:25:00+02:00,23176.7,23178.4,23176.3,23177.4,45,150,0
2025-05-08 04:26:00+02:00,23177.4,23181.6,23177.4,23179.7,55,150,0
2025-05-08 04:27:00+02:00,23180.2,23181.2,23180.1,23181.2,33,150,0
2025-05-08 04:28:00+02:00,23181.0,23182.0,23180.0,23181.9,34,150,0
2025-05-08 04:29:00+02:00,23181.9,23184.3,23181.0,23183.3,42,150,0
2025-05-08 04:30:00+02:00,23182.6,23183.4,23181.8,23182.6,48,150,0
2025-05-08 04:31:00+02:00,23182.5,23187.0,23182.5,23185.1,46,150,0
2025-05-08 04:32:00+02:00,23185.4,23187.7,23184.7,23184.9,52,150,0
2025-05-08 04:33:00+02:00,23184.7,23185.2,23181.8,23182.3,52,150,0
2025-05-08 04:34:00+02:00,23182.1,23182.3,23178.5,23178.7,57,150,0
2025-05-08 04:35:00+02:00,23178.6,23179.4,23177.1,23179.4,46,150,0
2025-05-08 04:36:00+02:00,23179.4,23180.1,23179.0,23179.3,28,150,0
2025-05-08 04:37:00+02:00,23179.4,23181.6,23179.2,23181.2,31,150,0
2025-05-08 04:38:00+02:00,23181.2,23182.0,23181.0,23181.2,33,150,0
2025-05-08 04:39:00+02:00,23181.0,23182.0,23180.0,23180.8,33,150,0
2025-05-08 04:40:00+02:00,23180.7,23180.7,23175.0,23175.3,46,150,0
2025-05-08 04:41:00+02:00,23175.7,23178.4,23175.3,23176.1,50,150,0
2025-05-08 04:42:00+02:00,23176.1,23178.4,23176.0,23176.8,37,150,0
2025-05-08 04:43:00+02:00,23176.0,23176.8,23170.9,23172.1,61,150,0
2025-05-08 04:44:00+02:00,23172.6,23172.6,23168.1,23168.9,86,150,0
2025-05-08 04:45:00+02:00,23169.0,23169.7,23166.6,23168.1,81,150,0
2025-05-08 04:46:00+02:00,23168.2,23170.4,23168.2,23168.9,65,150,0
2025-05-08 04:47:00+02:00,23169.0,23170.4,23167.3,23169.7,43,150,0
2025-05-08 04:48:00+02:00,23170.1,23172.5,23170.1,23171.7,45,150,0
2025-05-08 04:49:00+02:00,23171.8,23171.9,23170.1,23170.4,33,150,0
2025-05-08 04:50:00+02:00,23170.2,23170.4,23168.4,23169.5,59,150,0
2025-05-08 04:51:00+02:00,23169.3,23171.5,23168.8,23171.4,45,150,0
2025-05-08 04:52:00+02:00,23171.1,23171.4,23169.6,23169.7,48,150,0
2025-05-08 04:53:00+02:00,23169.6,23173.2,23168.8,23173.2,43,150,0
2025-05-08 04:54:00+02:00,23173.3,23173.3,23171.0,23171.1,48,150,0
2025-05-08 04:55:00+02:00,23171.0,23172.5,23170.2,23172.5,45,150,0
2025-05-08 04:56:00+02:00,23172.9,23173.7,23171.4,23172.1,36,150,0
2025-05-08 04:57:00+02:00,23172.1,23173.3,23171.7,23171.7,39,150,0
2025-05-08 04:58:00+02:00,23171.8,23171.9,23170.3,23170.9,52,150,0
2025-05-08 05:16:00+02:00,23162.6,23171.2,23162.6,23169.7,37,150,0
2025-05-08 05:17:00+02:00,23169.8,23174.1,23167.6,23169.2,27,150,0
2025-05-08 05:18:00+02:00,23171.2,23173.8,23171.1,23171.2,16,150,0
2025-05-08 05:19:00+02:00,23172.1,23180.3,23172.1,23177.7,35,150,0
2025-05-08 05:20:00+02:00,23178.1,23178.3,23172.7,23173.2,16,160,0
2025-05-08 05:21:00+02:00,23173.2,23174.3,23173.1,23173.1,9,160,0
2025-05-08 05:22:00+02:00,23173.2,23176.8,23172.6,23173.2,12,150,0
2025-05-08 05:23:00+02:00,23173.6,23176.2,23173.1,23176.2,8,150,0
2025-05-08 05:24:00+02:00,23176.3,23176.7,23176.2,23176.6,5,160,0
2025-05-08 05:25:00+02:00,23176.8,23176.8,23176.8,23176.8,1,170,0
2025-05-08 05:26:00+02:00,23176.8,23183.1,23175.8,23182.8,12,150,0
2025-05-08 05:27:00+02:00,23182.8,23182.8,23179.1,23181.2,15,150,0
2025-05-08 05:28:00+02:00,23179.2,23179.7,23176.2,23179.7,24,150,0
2025-05-08 05:29:00+02:00,23179.8,23181.7,23179.6,23181.7,13,150,0
2025-05-08 05:30:00+02:00,23181.7,23183.7,23181.6,23183.2,23,150,0
2025-05-08 05:31:00+02:00,23183.1,23183.3,23183.1,23183.1,21,150,0
2025-05-08 05:32:00+02:00,23183.2,23192.8,23183.2,23192.8,46,150,0
2025-05-08 05:33:00+02:00,23192.7,23192.7,23190.6,23192.3,15,150,0
2025-05-08 05:34:00+02:00,23192.2,23192.2,23190.1,23190.6,5,160,0
2025-05-08 05:35:00+02:00,23190.6,23192.3,23184.8,23188.2,17,150,0
2025-05-08 05:36:00+02:00,23188.3,23188.3,23185.6,23185.6,14,150,0
2025-05-08 05:37:00+02:00,23185.2,23185.2,23179.7,23179.8,15,150,0
2025-05-08 05:38:00+02:00,23179.6,23180.3,23179.6,23180.1,15,150,0
2025-05-08 05:39:00+02:00,23179.8,23180.6,23171.6,23172.3,18,150,0
2025-05-08 05:40:00+02:00,23172.2,23175.8,23170.2,23170.7,26,150,0
2025-05-08 05:41:00+02:00,23170.7,23172.8,23169.6,23170.2,15,150,0
2025-05-08 05:42:00+02:00,23170.3,23170.3,23165.3,23166.1,9,150,0
2025-05-08 05:43:00+02:00,23163.3,23164.2,23156.6,23157.6,20,150,0
2025-05-08 05:44:00+02:00,23158.6,23158.8,23158.1,23158.3,10,150,0
2025-05-08 05:45:00+02:00,23158.1,23163.8,23155.6,23163.8,20,150,0
2025-05-08 05:46:00+02:00,23163.8,23166.8,23161.6,23166.7,23,150,0
2025-05-08 05:47:00+02:00,23167.2,23172.6,23167.2,23169.8,15,160,0
2025-05-08 05:48:00+02:00,23169.6,23170.8,23169.6,23170.8,3,160,0
2025-05-08 05:49:00+02:00,23170.3,23173.8,23170.3,23173.8,8,150,0
2025-05-08 05:50:00+02:00,23174.3,23176.8,23174.3,23176.2,14,150,0
2025-05-08 05:51:00+02:00,23176.3,23178.8,23170.7,23170.7,13,150,0
2025-05-08 05:52:00+02:00,23171.7,23172.6,23171.7,23172.2,11,160,0
2025-05-08 05:53:00+02:00,23172.1,23172.2,23171.7,23171.7,4,170,0
2025-05-08 05:54:00+02:00,23171.1,23171.2,23171.1,23171.2,4,160,0
2025-05-08 05:55:00+02:00,23171.1,23180.3,23170.1,23177.6,25,150,0
2025-05-08 05:56:00+02:00,23178.1,23203.3,23178.1,23199.7,84,150,0
2025-05-08 05:57:00+02:00,23201.1,23239.3,23200.7,23239.3,126,150,0
2025-05-08 05:58:00+02:00,23239.2,23241.8,23221.6,23225.2,103,150,0
2025-05-08 05:59:00+02:00,23225.2,23235.1,23223.8,23226.7,65,150,0
2025-05-08 06:00:00+02:00,23225.1,23230.8,23219.6,23219.8,77,150,0
2025-05-08 06:01:00+02:00,23220.6,23220.8,23213.1,23215.1,52,150,0
2025-05-08 06:02:00+02:00,23215.8,23234.2,23215.7,23232.2,66,150,0
2025-05-08 06:03:00+02:00,23232.2,23233.2,23224.6,23226.7,47,150,0
2025-05-08 06:04:00+02:00,23226.6,23226.7,23220.6,23223.1,45,150,0
2025-05-08 06:05:00+02:00,23223.3,23237.3,23223.1,23234.1,42,150,0
2025-05-08 06:06:00+02:00,23235.3,23246.3,23229.2,23239.1,69,150,0
2025-05-08 06:07:00+02:00,23240.2,23250.2,23233.1,23243.6,84,150,0
2025-05-08 06:08:00+02:00,23244.6,23259.1,23241.3,23255.2,72,150,0
2025-05-08 06:09:00+02:00,23255.2,23257.3,23255.2,23256.2,33,150,0
2025-05-08 06:10:00+02:00,23256.2,23263.1,23256.2,23260.7,33,150,0
2025-05-08 06:11:00+02:00,23260.3,23262.7,23254.6,23260.3,45,150,0
2025-05-08 06:12:00+02:00,23259.8,23263.3,23250.6,23251.7,46,150,0
2025-05-08 06:13:00+02:00,23250.7,23250.7,23237.6,23242.3,54,150,0
2025-05-08 06:14:00+02:00,23243.3,23243.3,23237.2,23240.2,45,150,0
2025-05-08 06:15:00+02:00,23239.6,23242.1,23233.8,23238.3,77,150,0
2025-05-08 06:16:00+02:00,23235.1,23241.8,23232.1,23234.8,57,150,0
2025-05-08 06:17:00+02:00,23235.3,23242.1,23232.6,23237.1,47,150,0
2025-05-08 06:18:00+02:00,23236.2,23240.3,23233.1,23234.8,48,150,0
2025-05-08 06:19:00+02:00,23234.6,23239.7,23234.6,23236.6,35,150,0
2025-05-08 06:20:00+02:00,23236.3,23253.2,23235.1,23250.1,77,150,0
2025-05-08 06:21:00+02:00,23251.1,23262.6,23249.1,23259.8,73,150,0
2025-05-08 06:22:00+02:00,23260.6,23260.8,23253.6,23255.6,49,150,0
2025-05-08 06:23:00+02:00,23256.1,23256.7,23251.1,23251.2,29,150,0
2025-05-08 06:24:00+02:00,23248.8,23250.2,23241.7,23241.7,37,150,0
2025-05-08 06:25:00+02:00,23241.1,23248.2,23237.3,23239.6,55,150,0
2025-05-08 06:26:00+02:00,23239.8,23242.3,23235.1,23239.1,44,150,0
2025-05-08 06:27:00+02:00,23239.3,23242.3,23235.6,23238.1,35,150,0
2025-05-08 06:28:00+02:00,23238.2,23244.7,23238.2,23238.3,46,150,0
2025-05-08 06:29:00+02:00,23237.3,23241.3,23237.3,23240.8,32,150,0
2025-05-08 06:30:00+02:00,23239.8,23243.7,23236.3,23237.7,63,150,0
2025-05-08 06:31:00+02:00,23236.3,23248.2,23235.2,23244.7,52,150,0
2025-05-08 06:32:00+02:00,23244.6,23259.3,23244.6,23254.2,47,150,0
2025-05-08 06:33:00+02:00,23254.7,23259.8,23254.6,23259.7,18,150,0
2025-05-08 06:34:00+02:00,23260.8,23264.1,23254.6,23255.2,44,150,0
2025-05-08 06:35:00+02:00,23256.3,23258.3,23249.1,23250.3,41,150,0
2025-05-08 06:36:00+02:00,23249.6,23251.8,23246.6,23248.6,30,160,0
2025-05-08 06:37:00+02:00,23251.2,23252.2,23244.6,23251.1,51,150,0
2025-05-08 06:38:00+02:00,23251.8,23253.8,23248.3,23249.8,41,150,0
2025-05-08 06:39:00+02:00,23251.6,23254.2,23249.1,23249.7,44,150,0
2025-05-08 06:40:00+02:00,23249.3,23252.3,23242.1,23243.7,45,150,0
2025-05-08 06:41:00+02:00,23243.3,23248.2,23242.6,23242.7,41,150,0
2025-05-08 06:42:00+02:00,23242.1,23251.7,23242.1,23251.7,40,150,0
2025-05-08 06:43:00+02:00,23251.8,23253.2,23246.2,23246.6,36,150,0
2025-05-08 06:44:00+02:00,23246.8,23246.8,23241.3,23244.2,42,150,0
2025-05-08 06:45:00+02:00,23244.3,23250.8,23243.7,23247.1,59,150,0
2025-05-08 06:46:00+02:00,23244.8,23249.1,23239.6,23240.1,41,150,0
2025-05-08 06:47:00+02:00,23240.3,23243.6,23239.6,23241.7,29,150,0
2025-05-08 06:48:00+02:00,23241.7,23246.3,23241.1,23245.6,24,150,0
2025-05-08 06:49:00+02:00,23246.6,23248.3,23244.3,23245.1,33,150,0
2025-05-08 06:50:00+02:00,23245.8,23251.2,23245.3,23249.8,36,150,0
2025-05-08 06:51:00+02:00,23248.7,23249.8,23240.1,23245.3,65,150,0
2025-05-08 06:52:00+02:00,23243.8,23248.3,23237.7,23238.1,51,150,0
2025-05-08 06:53:00+02:00,23237.7,23244.1,23235.6,23241.2,23,150,0
2025-05-08 06:54:00+02:00,23241.7,23241.8,23239.6,23240.1,15,150,0
2025-05-08 06:55:00+02:00,23240.3,23246.3,23239.1,23241.6,36,150,0
2025-05-08 06:56:00+02:00,23242.2,23246.2,23238.6,23240.7,34,150,0
2025-05-08 06:57:00+02:00,23240.8,23241.3,23239.3,23239.3,19,150,0
2025-05-08 06:58:00+02:00,23238.2,23239.3,23237.6,23238.6,16,150,0
2025-05-08 06:59:00+02:00,23238.3,23239.3,23238.3,23238.6,11,150,0
2025-05-08 07:00:00+02:00,23239.1,23256.3,23239.1,23247.1,43,150,0
2025-05-08 07:01:00+02:00,23247.7,23253.8,23243.1,23253.8,50,150,0
2025-05-08 07:02:00+02:00,23253.7,23255.1,23251.6,23252.1,22,150,0
2025-05-08 07:03:00+02:00,23252.2,23256.3,23248.6,23252.3,28,150,0
2025-05-08 07:04:00+02:00,23252.3,23252.3,23252.1,23252.2,3,170,0
2025-05-08 07:05:00+02:00,23252.1,23255.7,23252.1,23255.1,7,160,0
2025-05-08 07:06:00+02:00,23254.8,23257.8,23253.6,23256.7,29,150,0
2025-05-08 07:07:00+02:00,23256.8,23256.8,23246.2,23246.6,36,150,0
2025-05-08 07:08:00+02:00,23246.8,23246.8,23238.6,23241.7,32,150,0
2025-05-08 07:09:00+02:00,23242.3,23244.3,23239.2,23244.2,15,150,0
2025-05-08 07:10:00+02:00,23243.6,23243.8,23241.1,23243.6,28,150,0
2025-05-08 07:11:00+02:00,23244.7,23245.8,23244.1,23245.7,6,150,0
2025-05-08 07:12:00+02:00,23245.7,23248.8,23245.6,23248.7,8,160,0
2025-05-08 07:13:00+02:00,23248.6,23249.1,23248.6,23248.6,8,150,0
2025-05-08 07:14:00+02:00,23248.7,23248.8,23247.6,23247.8,11,150,0
2025-05-08 07:15:00+02:00,23247.7,23249.8,23247.7,23249.6,12,150,0
2025-05-08 07:16:00+02:00,23250.7,23253.2,23247.1,23252.6,21,160,0
2025-05-08 07:17:00+02:00,23254.2,23254.2,23248.1,23248.1,33,150,0
2025-05-08 07:18:00+02:00,23249.2,23249.7,23248.1,23249.7,13,160,0
2025-05-08 07:19:00+02:00,23249.6,23250.8,23249.3,23250.7,15,150,0
2025-05-08 07:20:00+02:00,23250.6,23260.3,23250.6,23259.2,28,150,0
2025-05-08 07:21:00+02:00,23258.7,23261.8,23252.8,23260.3,33,150,0
2025-05-08 07:22:00+02:00,23260.8,23264.1,23258.3,23264.1,21,150,0
2025-05-08 07:23:00+02:00,23262.6,23263.3,23257.1,23257.6,28,150,0
2025-05-08 07:24:00+02:00,23257.6,23259.3,23257.1,23258.2,20,150,0
2025-05-08 07:25:00+02:00,23258.3,23263.2,23257.8,23258.1,30,150,0
2025-05-08 07:26:00+02:00,23256.6,23256.6,23253.6,23253.6,14,150,0
2025-05-08 07:27:00+02:00,23254.2,23258.2,23254.2,23257.1,29,150,0
2025-05-08 07:28:00+02:00,23256.2,23262.8,23255.7,23261.7,30,150,0
2025-05-08 07:29:00+02:00,23262.2,23265.3,23262.1,23262.6,22,150,0
2025-05-08 07:30:00+02:00,23262.8,23262.8,23262.6,23262.7,19,150,0
2025-05-08 07:31:00+02:00,23263.6,23269.2,23263.3,23264.6,32,150,0
2025-05-08 07:32:00+02:00,23265.3,23278.8,23265.2,23276.6,40,150,0
2025-05-08 07:33:00+02:00,23276.7,23277.2,23268.6,23269.3,39,150,0
2025-05-08 07:34:00+02:00,23269.6,23269.8,23268.7,23269.7,20,150,0
2025-05-08 07:35:00+02:00,23269.8,23271.8,23268.3,23268.6,35,150,0
2025-05-08 07:36:00+02:00,23268.3,23269.8,23266.6,23269.2,26,150,0
2025-05-08 07:37:00+02:00,23269.1,23271.2,23268.3,23270.8,24,150,0
2025-05-08 07:38:00+02:00,23270.8,23277.6,23270.7,23277.6,28,150,0
2025-05-08 07:39:00+02:00,23277.3,23277.8,23275.3,23275.8,23,150,0
2025-05-08 07:40:00+02:00,23275.6,23284.3,23275.6,23281.2,47,150,0
2025-05-08 07:41:00+02:00,23281.2,23284.3,23279.8,23283.2,25,150,0
2025-05-08 07:42:00+02:00,23282.6,23283.3,23276.6,23276.6,17,150,0
2025-05-08 07:43:00+02:00,23276.6,23278.2,23270.7,23275.2,30,150,0
2025-05-08 07:44:00+02:00,23275.3,23276.3,23270.6,23270.7,30,150,0
2025-05-08 07:45:00+02:00,23271.2,23273.6,23270.6,23272.6,14,150,0
2025-05-08 07:46:00+02:00,23272.2,23274.6,23272.2,23273.7,32,150,0
2025-05-08 07:47:00+02:00,23273.6,23273.7,23271.6,23272.6,23,150,0
2025-05-08 07:48:00+02:00,23273.8,23274.8,23272.6,23274.6,11,150,0
2025-05-08 07:49:00+02:00,23274.7,23276.7,23273.1,23274.6,21,150,0
2025-05-08 07:50:00+02:00,23274.8,23279.3,23274.8,23275.7,13,150,0
2025-05-08 07:51:00+02:00,23275.8,23277.3,23274.6,23274.6,25,150,0
2025-05-08 07:52:00+02:00,23274.7,23274.7,23273.1,23274.2,25,150,0
2025-05-08 07:53:00+02:00,23274.1,23276.3,23274.1,23275.3,13,150,0
2025-05-08 07:54:00+02:00,23274.2,23276.8,23274.1,23276.8,19,150,0
2025-05-08 07:55:00+02:00,23277.3,23281.3,23277.3,23279.2,24,150,0
2025-05-08 07:56:00+02:00,23279.2,23279.3,23278.6,23279.2,9,150,0
2025-05-08 07:57:00+02:00,23279.7,23280.3,23279.7,23280.3,6,150,0
2025-05-08 07:58:00+02:00,23280.3,23280.7,23280.1,23280.7,7,150,0
2025-05-08 07:59:00+02:00,23280.7,23286.3,23280.7,23284.2,18,150,0
2025-05-08 08:00:00+02:00,23284.7,23296.8,23284.6,23293.6,41,150,0
2025-05-08 08:01:00+02:00,23294.1,23295.8,23286.7,23287.8,30,150,0
2025-05-08 08:02:00+02:00,23287.1,23287.2,23284.3,23286.6,15,150,0
2025-05-08 08:03:00+02:00,23286.7,23290.7,23286.1,23289.2,23,150,0
2025-05-08 08:04:00+02:00,23289.1,23293.7,23289.1,23291.1,19,150,0
2025-05-08 08:05:00+02:00,23290.6,23294.3,23289.7,23290.6,22,150,0
2025-05-08 08:06:00+02:00,23290.1,23292.1,23289.3,23291.2,19,150,0
2025-05-08 08:07:00+02:00,23291.1,23291.8,23289.6,23291.2,21,150,0
2025-05-08 08:08:00+02:00,23291.2,23297.1,23289.7,23293.3,26,150,0
2025-05-08 08:09:00+02:00,23294.3,23296.7,23293.6,23294.1,21,150,0
2025-05-08 08:10:00+02:00,23296.3,23297.6,23295.6,23297.2,27,150,0
2025-05-08 08:11:00+02:00,23297.1,23305.2,23295.6,23297.7,46,150,0
2025-05-08 08:12:00+02:00,23297.1,23297.3,23295.1,23296.2,23,150,0
2025-05-08 08:13:00+02:00,23296.3,23297.6,23292.6,23295.3,18,150,0
2025-05-08 08:14:00+02:00,23294.6,23300.1,23293.7,23296.7,19,150,0
2025-05-08 08:15:00+02:00,23296.8,23298.8,23296.6,23298.8,13,150,0
2025-05-08 08:16:00+02:00,23298.1,23301.8,23298.1,23300.1,36,150,0
2025-05-08 08:17:00+02:00,23300.7,23304.3,23300.7,23303.3,11,150,0
2025-05-08 08:18:00+02:00,23303.2,23304.2,23303.1,23303.7,7,160,0
2025-05-08 08:19:00+02:00,23303.7,23304.8,23302.7,23304.3,12,150,0
2025-05-08 08:20:00+02:00,23303.8,23309.7,23302.6,23302.6,21,150,0
2025-05-08 08:21:00+02:00,23303.3,23306.2,23301.7,23306.2,20,150,0
2025-05-08 08:22:00+02:00,23306.7,23318.2,23306.7,23314.8,26,150,0
2025-05-08 08:23:00+02:00,23314.6,23314.6,23310.6,23310.7,13,150,0
2025-05-08 08:24:00+02:00,23310.7,23311.8,23307.2,23309.3,36,150,0
2025-05-08 08:25:00+02:00,23307.1,23308.7,23301.8,23302.6,35,150,0
2025-05-08 08:26:00+02:00,23302.8,23304.3,23302.2,23302.2,13,150,0
2025-05-08 08:27:00+02:00,23302.1,23304.3,23301.8,23302.1,18,150,0
2025-05-08 08:28:00+02:00,23303.2,23305.7,23302.1,23302.1,29,160,0
2025-05-08 08:29:00+02:00,23302.2,23303.8,23302.1,23302.1,11,150,0
2025-05-08 08:30:00+02:00,23302.3,23303.3,23301.3,23301.3,12,150,0
2025-05-08 08:31:00+02:00,23301.1,23302.7,23301.1,23302.7,8,160,0
2025-05-08 08:32:00+02:00,23303.2,23306.7,23301.6,23305.3,25,150,0
2025-05-08 08:33:00+02:00,23305.1,23308.3,23303.8,23308.3,14,150,0
2025-05-08 08:34:00+02:00,23308.3,23308.3,23305.6,23305.6,17,150,0
2025-05-08 08:35:00+02:00,23305.1,23305.1,23301.2,23301.6,24,150,0
2025-05-08 08:36:00+02:00,23302.3,23303.8,23299.2,23303.6,25,150,0
2025-05-08 08:37:00+02:00,23303.8,23304.8,23303.6,23304.7,12,150,0
2025-05-08 08:38:00+02:00,23305.3,23305.3,23299.1,23299.1,31,150,0
2025-05-08 08:39:00+02:00,23299.1,23302.2,23297.6,23298.6,20,150,0
2025-05-08 08:40:00+02:00,23298.7,23300.3,23296.6,23297.8,20,150,0
2025-05-08 08:41:00+02:00,23297.7,23297.8,23293.1,23294.3,30,150,0
2025-05-08 08:42:00+02:00,23294.3,23297.3,23292.6,23297.2,32,150,0
2025-05-08 08:43:00+02:00,23296.7,23302.8,23296.2,23298.3,33,150,0
2025-05-08 08:44:00+02:00,23298.7,23304.8,23298.6,23304.6,22,150,0
2025-05-08 08:45:00+02:00,23305.7,23312.8,23304.2,23304.2,29,150,0
2025-05-08 08:46:00+02:00,23304.2,23307.7,23303.6,23304.8,25,150,0
2025-05-08 08:47:00+02:00,23304.6,23305.3,23303.1,23305.1,18,150,0
2025-05-08 08:48:00+02:00,23306.7,23307.3,23303.8,23305.1,22,150,0
2025-05-08 08:49:00+02:00,23305.2,23309.1,23304.1,23305.2,25,150,0
2025-05-08 08:50:00+02:00,23305.2,23308.8,23305.2,23307.6,18,150,0
2025-05-08 08:51:00+02:00,23307.7,23312.3,23307.6,23310.1,23,150,0
2025-05-08 08:52:00+02:00,23311.2,23314.3,23311.1,23313.8,14,150,0
2025-05-08 08:53:00+02:00,23314.6,23314.6,23309.1,23312.6,18,160,0
2025-05-08 08:54:00+02:00,23311.6,23313.7,23308.7,23310.7,32,150,0
2025-05-08 08:55:00+02:00,23311.3,23311.3,23309.1,23309.7,8,150,0
2025-05-08 08:56:00+02:00,23309.7,23314.3,23308.3,23309.2,18,160,0
2025-05-08 08:57:00+02:00,23309.2,23311.8,23309.1,23309.1,7,160,0
2025-05-08 08:58:00+02:00,23309.3,23309.3,23308.7,23309.1,7,160,0
2025-05-08 08:59:00+02:00,23309.2,23309.3,23308.6,23309.1,6,150,0
2025-05-08 09:00:00+02:00,23309.2,23309.2,23307.7,23307.7,7,160,0
2025-05-08 09:01:00+02:00,23307.6,23307.7,23307.6,23307.7,2,180,0
2025-05-08 09:02:00+02:00,23306.7,23306.7,23295.1,23296.3,31,150,0
2025-05-08 09:03:00+02:00,23296.3,23299.3,23295.2,23295.2,15,160,0
2025-05-08 09:04:00+02:00,23297.2,23297.8,23297.2,23297.8,10,150,0
2025-05-08 09:05:00+02:00,23297.6,23298.3,23297.6,23298.3,8,150,0
2025-05-08 09:06:00+02:00,23298.1,23302.7,23298.1,23299.7,12,160,0
2025-05-08 09:07:00+02:00,23299.6,23303.1,23298.7,23300.2,32,150,0
2025-05-08 09:08:00+02:00,23300.2,23304.6,23300.1,23304.6,17,150,0
2025-05-08 09:09:00+02:00,23306.2,23309.8,23304.2,23309.8,15,150,0
2025-05-08 09:10:00+02:00,23310.8,23310.8,23306.3,23307.1,22,150,0
2025-05-08 09:11:00+02:00,23307.3,23307.3,23306.7,23306.8,8,150,0
2025-05-08 09:12:00+02:00,23307.3,23308.8,23306.1,23306.7,16,150,0
2025-05-08 09:13:00+02:00,23306.8,23307.6,23305.6,23306.6,14,150,0
2025-05-08 09:14:00+02:00,23306.8,23307.3,23305.6,23305.6,10,150,0
2025-05-08 09:15:00+02:00,23305.6,23305.8,23303.6,23305.8,14,150,0
2025-05-08 09:16:00+02:00,23305.7,23308.6,23304.8,23306.6,28,150,0
2025-05-08 09:17:00+02:00,23305.6,23309.3,23302.3,23302.3,21,150,0
2025-05-08 09:18:00+02:00,23302.1,23304.8,23302.1,23302.6,17,160,0
2025-05-08 09:19:00+02:00,23302.8,23304.8,23302.8,23303.7,18,150,0
2025-05-08 09:20:00+02:00,23303.7,23304.1,23298.7,23298.7,18,150,0
2025-05-08 09:21:00+02:00,23298.8,23300.3,23297.6,23299.8,17,150,0
2025-05-08 09:22:00+02:00,23299.8,23299.8,23295.3,23295.3,21,150,0
2025-05-08 09:23:00+02:00,23293.6,23294.2,23290.7,23291.6,16,150,0
2025-05-08 09:24:00+02:00,23292.3,23292.8,23290.6,23290.8,14,150,0
2025-05-08 09:25:00+02:00,23290.7,23291.8,23289.8,23289.8,13,150,0
2025-05-08 09:26:00+02:00,23289.6,23290.8,23287.1,23287.8,16,150,0
2025-05-08 09:27:00+02:00,23287.2,23289.8,23287.2,23289.8,17,150,0
2025-05-08 09:28:00+02:00,23289.8,23289.8,23287.6,23287.6,19,150,0
2025-05-08 09:29:00+02:00,23287.8,23287.8,23286.7,23287.1,14,150,0
2025-05-08 09:30:00+02:00,23287.6,23288.8,23287.1,23287.1,19,150,0
2025-05-08 09:31:00+02:00,23287.3,23289.2,23287.2,23287.6,18,150,0
2025-05-08 09:32:00+02:00,23287.7,23289.3,23287.2,23287.3,23,150,0
2025-05-08 09:33:00+02:00,23287.1,23289.7,23285.7,23289.1,28,150,0
2025-05-08 09:34:00+02:00,23289.7,23291.8,23287.7,23289.7,30,150,0
2025-05-08 09:35:00+02:00,23289.8,23290.8,23287.6,23288.3,13,150,0
2025-05-08 09:36:00+02:00,23288.6,23290.8,23288.3,23288.3,16,150,0
2025-05-08 09:37:00+02:00,23288.2,23292.1,23288.2,23290.7,29,150,0
2025-05-08 09:38:00+02:00,23290.7,23293.3,23290.3,23293.2,17,150,0
2025-05-08 09:39:00+02:00,23293.1,23296.8,23292.6,23296.2,22,150,0
2025-05-08 09:40:00+02:00,23296.2,23302.3,23296.2,23300.1,35,150,0
2025-05-08 09:41:00+02:00,23300.1,23311.2,23300.1,23310.3,33,150,0
2025-05-08 09:42:00+02:00,23310.2,23311.7,23309.6,23309.7,16,150,0
2025-05-08 09:43:00+02:00,23309.6,23310.3,23308.6,23309.3,17,150,0
2025-05-08 09:44:00+02:00,23310.2,23310.3,23304.1,23306.2,30,150,0
2025-05-08 09:45:00+02:00,23306.8,23307.3,23300.2,23300.2,12,160,0
2025-05-08 09:46:00+02:00,23300.7,23302.7,23297.2,23297.8,26,150,0
2025-05-08 09:47:00+02:00,23297.7,23297.8,23296.1,23296.3,17,150,0
2025-05-08 09:48:00+02:00,23295.6,23297.3,23291.1,23296.8,24,150,0
2025-05-08 09:49:00+02:00,23296.7,23298.8,23295.1,23297.8,17,150,0
2025-05-08 09:50:00+02:00,23298.8,23299.2,23296.2,23296.3,25,150,0
2025-05-08 09:51:00+02:00,23296.2,23301.8,23296.2,23298.8,25,150,0
2025-05-08 09:52:00+02:00,23299.1,23300.8,23298.8,23300.6,5,150,0
2025-05-08 09:53:00+02:00,23299.6,23299.6,23297.7,23297.7,13,150,0
2025-05-08 09:54:00+02:00,23297.6,23300.3,23297.2,23298.2,25,150,0
2025-05-08 09:55:00+02:00,23297.6,23303.3,23297.2,23303.1,23,150,0
2025-05-08 09:56:00+02:00,23303.3,23312.2,23303.1,23309.7,31,150,0
2025-05-08 09:57:00+02:00,23309.8,23314.2,23305.8,23311.6,22,150,0
2025-05-08 09:58:00+02:00,23311.1,23311.1,23304.6,23304.6,19,150,0
2025-05-08 09:59:00+02:00,23304.1,23305.8,23301.3,23301.3,19,150,0
2025-05-08 10:00:00+02:00,23301.2,23301.3,23299.2,23300.6,24,150,0
2025-05-08 10:01:00+02:00,23300.6,23301.2,23298.1,23298.2,22,150,0
2025-05-08 10:02:00+02:00,23297.1,23298.2,23294.7,23294.7,20,150,0
2025-05-08 10:03:00+02:00,23295.1,23296.7,23295.1,23296.7,10,160,0
2025-05-08 10:04:00+02:00,23296.8,23306.3,23296.6,23299.2,28,150,0
2025-05-08 10:05:00+02:00,23299.2,23299.7,23296.1,23296.2,23,150,0
2025-05-08 10:06:00+02:00,23297.7,23305.7,23296.6,23298.2,47,150,0
2025-05-08 10:07:00+02:00,23298.6,23303.7,23298.1,23302.7,22,150,0
2025-05-08 10:08:00+02:00,23302.6,23307.1,23302.2,23306.8,17,150,0
2025-05-08 10:09:00+02:00,23306.8,23309.2,23306.8,23308.2,25,150,0
2025-05-08 10:10:00+02:00,23308.3,23309.3,23308.1,23309.2,11,150,0
2025-05-08 10:11:00+02:00,23309.2,23309.3,23308.6,23308.7,11,150,0
2025-05-08 10:12:00+02:00,23308.3,23308.3,23298.6,23298.8,23,150,0
2025-05-08 10:13:00+02:00,23299.2,23303.1,23297.6,23298.3,24,150,0
2025-05-08 10:14:00+02:00,23298.7,23301.1,23298.3,23299.2,15,150,0
2025-05-08 10:15:00+02:00,23299.1,23301.8,23298.8,23301.3,21,150,0
2025-05-08 10:16:00+02:00,23301.3,23301.3,23294.1,23296.1,20,150,0
2025-05-08 10:17:00+02:00,23296.6,23297.2,23295.1,23295.3,33,150,0
2025-05-08 10:18:00+02:00,23295.3,23299.1,23295.3,23298.7,12,160,0
2025-05-08 10:19:00+02:00,23298.7,23300.8,23295.6,23297.6,22,150,0
2025-05-08 10:20:00+02:00,23298.7,23299.3,23298.1,23299.3,10,150,0
2025-05-08 10:21:00+02:00,23299.1,23303.1,23297.1,23297.1,24,160,0
2025-05-08 10:22:00+02:00,23297.2,23299.2,23295.3,23298.2,32,150,0
2025-05-08 10:23:00+02:00,23298.2,23299.8,23295.1,23296.7,30,150,0
2025-05-08 10:24:00+02:00,23296.8,23302.2,23296.1,23298.7,28,150,0
2025-05-08 10:25:00+02:00,23298.7,23299.3,23297.1,23297.2,20,150,0
2025-05-08 10:26:00+02:00,23297.6,23298.2,23291.7,23292.8,22,150,0
2025-05-08 10:27:00+02:00,23292.2,23292.2,23291.1,23291.1,12,150,0
2025-05-08 10:28:00+02:00,23291.3,23298.2,23290.7,23298.2,24,150,0
2025-05-08 10:29:00+02:00,23298.1,23302.8,23296.2,23299.3,28,150,0
2025-05-08 10:30:00+02:00,23297.6,23302.6,23295.1,23297.8,30,150,0
2025-05-08 10:31:00+02:00,23298.3,23299.3,23295.6,23297.6,37,150,0
2025-05-08 10:32:00+02:00,23296.3,23296.3,23281.1,23282.3,52,150,0
2025-05-08 10:33:00+02:00,23282.2,23292.1,23282.1,23284.2,46,150,0
2025-05-08 10:34:00+02:00,23284.3,23286.6,23282.7,23284.8,16,150,0
2025-05-08 10:35:00+02:00,23284.1,23285.6,23280.8,23283.1,22,150,0
2025-05-08 10:36:00+02:00,23281.3,23281.3,23275.6,23275.6,12,150,0
2025-05-08 10:37:00+02:00,23276.3,23276.8,23276.2,23276.3,10,150,0
2025-05-08 10:38:00+02:00,23277.3,23281.6,23272.3,23275.2,34,150,0
2025-05-08 10:39:00+02:00,23276.6,23286.2,23274.3,23286.2,32,150,0
2025-05-08 10:40:00+02:00,23286.2,23294.1,23286.1,23293.3,35,150,0
2025-05-08 10:41:00+02:00,23295.8,23298.6,23293.1,23295.6,33,150,0
2025-05-08 10:42:00+02:00,23295.7,23297.3,23292.7,23294.6,27,150,0
2025-05-08 10:43:00+02:00,23293.1,23294.1,23285.3,23288.7,34,150,0
2025-05-08 10:44:00+02:00,23289.8,23291.7,23286.3,23291.7,20,150,0
2025-05-08 10:45:00+02:00,23292.2,23292.2,23281.2,23285.2,39,150,0
2025-05-08 10:46:00+02:00,23285.3,23294.2,23285.3,23293.2,32,150,0
2025-05-08 10:47:00+02:00,23293.1,23293.7,23292.6,23293.7,15,150,0
2025-05-08 10:48:00+02:00,23292.6,23294.6,23291.1,23294.6,20,150,0
2025-05-08 10:49:00+02:00,23294.1,23294.1,23289.7,23293.8,14,150,0
2025-05-08 10:50:00+02:00,23294.1,23295.3,23291.7,23291.7,17,150,0
2025-05-08 10:51:00+02:00,23291.8,23294.6,23291.1,23293.3,23,150,0
2025-05-08 10:52:00+02:00,23293.8,23296.2,23287.7,23287.8,29,150,0
2025-05-08 10:53:00+02:00,23287.8,23287.8,23271.7,23272.2,36,150,0
2025-05-08 10:54:00+02:00,23272.2,23272.8,23269.1,23269.8,38,150,0
2025-05-08 10:55:00+02:00,23271.2,23277.1,23265.3,23276.2,56,150,0
2025-05-08 10:56:00+02:00,23274.8,23274.8,23264.8,23271.8,41,150,0
2025-05-08 10:57:00+02:00,23269.2,23273.3,23262.2,23271.7,64,150,0
2025-05-08 10:58:00+02:00,23271.8,23273.3,23270.1,23273.1,18,150,0
2025-05-08 10:59:00+02:00,23273.8,23273.8,23269.6,23270.7,23,150,0
2025-05-08 11:00:00+02:00,23268.6,23270.8,23253.7,23259.1,99,150,0
2025-05-08 11:01:00+02:00,23259.3,23260.3,23246.6,23259.7,82,150,0
2025-05-08 11:02:00+02:00,23260.2,23261.2,23253.7,23258.8,66,150,0
2025-05-08 11:03:00+02:00,23259.2,23259.8,23250.7,23256.6,44,150,0
2025-05-08 11:04:00+02:00,23256.6,23258.8,23253.1,23254.8,53,150,0
2025-05-08 11:05:00+02:00,23255.1,23256.3,23241.1,23241.1,43,150,0
2025-05-08 11:06:00+02:00,23240.8,23253.7,23240.6,23252.8,45,150,0
2025-05-08 11:07:00+02:00,23252.3,23257.7,23248.7,23256.3,32,150,0
2025-05-08 11:08:00+02:00,23255.6,23259.8,23253.7,23257.7,40,150,0
2025-05-08 11:09:00+02:00,23257.8,23257.8,23243.6,23243.7,43,150,0
2025-05-08 11:10:00+02:00,23244.3,23253.8,23232.2,23233.6,61,150,0
2025-05-08 11:11:00+02:00,23233.1,23245.3,23233.1,23240.8,50,150,0
2025-05-08 11:12:00+02:00,23240.2,23241.8,23233.6,23233.8,35,150,0
2025-05-08 11:13:00+02:00,23234.7,23242.8,23232.2,23238.7,62,150,0
2025-05-08 11:14:00+02:00,23238.8,23241.3,23234.6,23234.8,30,150,0
2025-05-08 11:15:00+02:00,23234.6,23235.6,23228.3,23232.2,51,150,0
2025-05-08 11:16:00+02:00,23232.6,23237.8,23232.6,23236.7,43,150,0
2025-05-08 11:17:00+02:00,23236.8,23241.3,23233.1,23234.2,45,150,0
2025-05-08 11:18:00+02:00,23234.2,23235.8,23231.6,23231.7,30,150,0
2025-05-08 11:19:00+02:00,23230.7,23233.3,23230.2,23231.8,27,150,0
2025-05-08 11:20:00+02:00,23231.7,23240.8,23230.8,23240.8,46,150,0
2025-05-08 11:21:00+02:00,23240.6,23247.1,23240.6,23244.2,63,150,0
2025-05-08 11:22:00+02:00,23242.7,23247.7,23239.6,23239.7,24,150,0
2025-05-08 11:23:00+02:00,23239.8,23243.8,23236.8,23243.8,22,150,0
2025-05-08 11:24:00+02:00,23244.7,23247.2,23243.7,23244.2,35,150,0
2025-05-08 11:25:00+02:00,23244.1,23248.6,23241.1,23241.6,46,150,0
2025-05-08 11:26:00+02:00,23242.3,23251.7,23242.3,23247.7,33,150,0
2025-05-08 11:27:00+02:00,23247.6,23247.6,23243.6,23245.1,24,150,0
2025-05-08 11:28:00+02:00,23245.7,23245.8,23243.6,23245.6,21,150,0
2025-05-08 11:29:00+02:00,23245.2,23250.2,23244.6,23247.6,41,150,0
2025-05-08 11:30:00+02:00,23248.2,23255.3,23248.2,23255.3,50,150,0
2025-05-08 11:31:00+02:00,23253.7,23253.7,23245.6,23249.6,59,150,0
2025-05-08 11:32:00+02:00,23248.6,23251.8,23247.6,23247.6,36,150,0
2025-05-08 11:33:00+02:00,23247.6,23252.2,23247.6,23248.8,34,150,0
2025-05-08 11:34:00+02:00,23248.6,23250.8,23242.1,23242.1,55,150,0
2025-05-08 11:35:00+02:00,23242.3,23243.3,23238.6,23240.7,43,150,0
2025-05-08 11:36:00+02:00,23240.7,23241.8,23234.1,23234.1,32,150,0
2025-05-08 11:37:00+02:00,23234.6,23240.6,23234.6,23238.8,36,150,0
2025-05-08 11:38:00+02:00,23239.3,23240.7,23237.6,23240.6,32,150,0
2025-05-08 11:39:00+02:00,23240.2,23242.3,23239.1,23239.7,39,150,0
2025-05-08 11:40:00+02:00,23240.3,23246.3,23240.3,23246.2,46,150,0
2025-05-08 11:41:00+02:00,23246.8,23251.6,23245.6,23251.6,36,150,0
2025-05-08 11:42:00+02:00,23251.6,23259.8,23251.6,23258.7,48,150,0
2025-05-08 11:43:00+02:00,23258.8,23264.3,23257.6,23264.3,50,150,0
2025-05-08 11:44:00+02:00,23264.7,23267.7,23258.1,23258.7,51,150,0
2025-05-08 11:45:00+02:00,23258.2,23265.6,23258.1,23263.7,37,150,0
2025-05-08 11:46:00+02:00,23263.1,23265.6,23256.6,23258.2,40,150,0
2025-05-08 11:47:00+02:00,23258.8,23261.3,23257.6,23258.8,34,150,0
2025-05-08 11:48:00+02:00,23258.7,23259.1,23255.6,23256.7,20,150,0
2025-05-08 11:49:00+02:00,23256.6,23257.3,23246.1,23246.1,31,150,0
2025-05-08 11:50:00+02:00,23246.3,23248.8,23244.1,23248.7,49,150,0
2025-05-08 11:51:00+02:00,23248.8,23252.3,23246.1,23252.3,44,150,0
2025-05-08 11:52:00+02:00,23252.2,23257.3,23251.7,23257.3,31,150,0
